,word,frequency
2,their,3656
1,there,1900
26,those,1380
5,these,1256
3,about,1087
31,house,1084
70,among,887
18,place,883
12,after,803
42,earth,757
23,every,752
4,would,662
13,where,626
98,bring,619
55,heard,599
20,great,590
37,until,561
11,water,520
6,other,520
17,years,509
94,heart,501
44,since,492
7,words,491
0,which,478
34,asked,456
30,while,451
153,death,448
14,right,445
10,first,429
21,again,426
78,hands,418
58,given,410
129,woman,409
27,never,394
51,young,392
146,blood,383
679,altar,381
28,under,379
761,sword,377
148,seven,374
16,three,358
38,along,349
56,whole,341
25,found,338
164,speak,338
511,kings,326
495,glory,316
46,night,311
201,spoke,304
35,going,297
89,power,294
258,drink,291
63,today,291
8,could,289
220,bread,283
436,faith,270
87,comes,257
149,mouth,255
235,peace,254
189,sight,248
104,stand,248
22,still,246
84,voice,240
343,grain,240
168,women,238
32,world,238
492,anger,237
113,leave,235
475,tribe,235
236,month,228
110,field,227
47,light,224
290,serve,221
90,lived,218
137,named,217
82,stood,213
92,taken,211
359,enter,211
255,sheep,209
111,whose,204
498,flesh,202
83,front,198
753,angel,198
702,burnt,195
54,times,194
29,might,193
116,third,193
43,began,190
192,works,190
160,lives,188
93,built,188
68,order,188
197,stone,185
40,being,183
3535,peter,182
438,judge,180
874,hosts,174
36,large,171
19,sound,167
120,doing,165
331,truth,165
856,wrath,163
48,above,161
251,fruit,159
383,offer,157
490,birth,156
72,known,155
847,reign,152
562,slave,147
151,north,143
745,grace,143
422,honor,141
144,build,141
288,heads,138
1081,mount,138
66,money,134
76,trees,131
1238,idols,131
740,gates,130
130,alone,130
2619,clans,128
573,favor,128
212,fight,124
62,thing,122
910,flock,121
134,carry,120
157,gives,120
141,human,120
798,wives,118
292,crowd,117
170,south,115
510,royal,115
715,mercy,113
394,teach,112
309,loved,112
125,cried,112
418,labor,111
86,makes,110
334,enemy,110
243,chief,110
317,court,108
701,shame,105
203,cause,105
185,ahead,104
496,guard,103
356,cloud,103
107,river,103
291,angry,102
851,linen,102
1199,curse,101
139,child,96
121,names,95
245,cross,94
411,ruler,93
945,lambs,92
105,birds,92
218,knows,90
260,apart,90
1164,bless,90
1055,swore,90
74,table,89
297,alive,89
333,threw,87
477,blind,87
259,bones,86
214,drive,86
364,lying,85
379,saved,84
133,watch,81
823,tenth,79
202,break,78
402,false,78
661,beast,78
301,signs,77
15,think,76
329,raise,75
244,walls,75
315,towns,75
571,trust,74
175,sleep,74
9,write,73
420,youth,73
417,staff,72
75,early,72
936,olive,72
527,inner,71
501,yours,71
771,goats,70
389,throw,70
194,cover,70
397,dream,70
246,wings,70
1282,bulls,70
142,takes,69
776,dwell,69
1268,exile,69
821,widow,67
95,ready,67
621,shout,67
774,loves,67
311,faces,66
24,small,65
57,white,65
654,gifts,65
280,broke,64
253,wants,64
468,flour,64
584,horns,64
226,clean,63
858,bowed,63
345,mixed,62
484,fifth,62
1903,psalm,62
1471,repay,62
1003,slain,61
831,deeds,61
542,pride,61
456,image,61
425,doors,60
119,plant,60
296,share,59
671,honey,58
483,queen,57
426,poles,57
844,tents,57
2460,bible,56
1328,choir,56
64,later,56
419,eaten,55
1311,boast,55
302,hills,55
176,wrong,55
187,stars,54
770,acted,54
161,steps,54
1156,greet,53
1500,siege,53
1083,swear,53
59,means,52
147,sides,52
872,hears,52
85,kinds,52
135,wrote,52
1203,cedar,52
171,grass,51
206,lands,51
675,crown,50
386,daily,50
88,close,49
445,aside,49
604,bases,48
277,empty,48
344,smoke,48
118,moved,48
3512,greek,47
261,turns,47
155,happy,47
854,posts,46
447,bound,46
321,plans,45
1874,aroma,45
316,proud,45
429,tears,45
127,floor,45
81,shown,45
283,enjoy,44
355,falls,44
357,wheat,44
265,based,44
580,rings,44
1450,mourn,44
1290,guilt,44
802,spear,44
325,price,42
696,herds,42
1000,drunk,42
713,sixth,41
686,drank,41
390,allow,41
942,ruins,41
186,reach,40
100,horse,40
369,thank,40
566,marry,40
388,keeps,40
1476,needy,39
71,learn,39
222,teeth,39
102,piece,39
640,march,39
883,naked,39
312,drove,39
517,chose,39
271,spend,39
227,quiet,38
108,tried,38
41,often,38
518,owner,38
136,clear,38
1112,seize,38
625,ruled,38
983,grief,38
698,hated,38
3361,ephod,37
646,feast,37
61,miles,37
526,finds,37
263,touch,37
525,tower,36
601,leads,36
215,spent,36
370,storm,36
742,paths,36
595,minds,35
709,spare,35
1403,fools,35
1727,exalt,35
409,outer,35
178,ships,34
636,flood,34
415,calls,34
441,waste,34
778,ropes,34
1167,kills,34
789,ashes,34
855,hired,34
1490,sworn,34
970,basin,34
308,upper,34
181,eight,34
504,width,34
839,devil,34
1032,bowls,33
610,shake,32
5583,selah,32
50,parts,32
901,grant,32
746,grave,32
103,green,32
939,lamps,31
670,treat,31
109,least,31
886,spoil,31
123,heavy,31
282,count,31
1433,hates,31
184,total,31
689,wages,31
273,goods,30
378,hurry,30
664,lions,30
174,lower,30
152,value,29
465,fully,29
165,force,29
158,looks,29
1522,crush,29
1201,robes,28
624,reply,28
198,waves,28
33,below,28
211,final,28
538,rises,28
77,short,28
180,rocks,27
406,brave,27
1316,thigh,27
53,point,27
459,dried,27
705,weary,26
163,sense,26
224,thick,26
993,armor,26
478,slept,26
348,sweet,26
550,swept,26
563,exist,25
1063,ninth,25
1168,yeast,25
114,added,25
195,songs,25
300,cloth,25
210,fresh,25
1117,lords,25
69,group,25
1202,seeks,25
221,homes,25
1424,demon,24
1602,groom,24
1359,bathe,24
916,thief,24
156,tells,24
454,rooms,24
786,eagle,24
586,flame,24
791,yield,24
304,drawn,24
451,worse,24
1583,scorn,23
605,shine,23
1820,plead,23
371,agree,23
3318,roman,23
487,straw,23
1146,cloak,23
757,urged,23
269,older,23
1280,snare,23
629,walks,23
1190,maker,23
826,sweep,23
669,armed,22
60,music,22
908,bride,22
247,grown,22
848,noble,22
241,visit,21
65,using,21
457,snake,21
458,aloud,21
1269,rebel,21
470,spite,21
638,awake,21
564,faced,21
341,winds,21
1623,shave,21
257,plain,21
1057,hooks,21
1080,fiery,21
367,taste,20
1058,males,20
489,issue,20
443,strip,20
286,roots,20
240,sharp,20
788,cries,20
1769,godly,20
275,twice,20
1370,groan,20
278,alike,20
1531,smash,20
305,worth,20
2599,harps,20
463,knees,20
537,split,20
1887,lined,19
3414,manna,19
816,wiped,19
323,prove,19
2474,lyres,19
843,steal,19
529,arrow,19
1135,pains,19
400,ended,19
878,alert,19
845,waist,19
842,sends,19
252,stick,19
862,grasp,19
428,apply,19
179,needs,19
80,black,19
1193,dread,18
473,shoot,18
205,weeks,18
196,equal,18
1242,carts,18
556,wound,18
893,brook,18
590,skins,18
954,delay,18
340,guide,18
289,shook,18
368,grows,18
663,cakes,18
452,aware,18
480,claim,17
1919,bribe,17
772,arise,17
191,catch,17
479,shade,17
961,vines,17
248,cases,17
145,seems,17
1125,coals,16
499,owned,16
1097,loyal,16
907,skies,16
413,fixed,16
79,state,16
1092,cease,16
853,woven,16
481,flies,16
2620,flees,16
684,dying,16
697,arose,16
444,begun,16
1997,myrrh,16
1325,tombs,16
926,argue,16
793,opens,15
989,knelt,15
1632,spies,15
1054,camps,15
754,cruel,15
128,begin,15
509,bears,15
1469,swarm,15
1005,cords,15
919,flute,15
387,avoid,15
665,frogs,15
293,wheel,15
808,baked,15
342,block,15
1183,realm,15
298,noise,15
1042,dealt,15
1345,lacks,14
1400,folly,14
3499,sower,14
1278,lofty,14
887,quart,14
987,risen,14
1971,purge,14
1273,cling,14
250,crops,14
1352,cured,14
1442,plots,14
1015,liver,14
1103,mound,14
905,shaft,14
777,backs,14
232,rules,14
1667,heirs,14
1208,gloom,13
1128,elect,13
560,error,13
1107,scout,13
1235,saves,13
2441,vomit,13
1861,waged,13
1178,loops,13
231,forth,13
614,slope,13
440,worry,13
190,terms,13
439,items,13
1004,panic,13
183,level,13
505,burst,13
506,route,13
763,weeds,13
687,blows,13
1679,grape,13
2180,prays,13
2335,chaff,13
101,shows,13
834,crime,13
1496,doves,13
1752,greed,12
643,faint,12
619,bands,12
809,chase,12
785,beard,12
799,burns,12
1224,ivory,12
1287,plank,12
513,trial,12
360,broad,12
464,refer,12
946,sells,12
332,roads,12
432,chest,12
1024,belly,12
1053,dough,11
673,legal,11
966,crawl,11
979,reeds,11
992,freed,11
285,shore,11
427,loose,11
622,canal,11
410,pitch,11
863,blast,11
626,fever,11
327,smell,11
796,tooth,11
392,laugh,11
384,ought,11
639,rocky,11
1571,borne,11
642,swift,11
3326,fatty,11
73,space,11
648,limit,11
2374,edict,11
1754,stirs,11
955,beams,11
733,rider,11
508,uncle,11
138,books,11
143,party,11
959,harsh,11
1225,necks,11
704,flash,11
1192,graze,11
873,loses,11
1220,cares,11
2112,scaly,11
339,doubt,10
322,yards,10
1105,mules,10
3586,tabor,10
598,coins,10
577,eager,10
188,store,10
930,caves,10
1349,nurse,10
641,fault,10
159,shape,10
1188,stray,10
3445,calyx,10
1255,bolts,10
233,notes,10
879,tasks,10
239,helps,10
106,start,10
1339,flint,10
1153,fails,10
607,moral,10
719,shone,10
412,holds,10
466,chain,10
677,taxes,10
234,units,10
169,metal,9
815,stays,9
1197,pours,9
1189,lifts,9
1491,baker,9
1750,untie,9
1270,grind,9
1389,waits,9
299,solid,9
268,tired,9
2057,sowed,9
1279,agony,9
1657,loins,9
1651,tread,9
1618,renew,9
2171,covet,9
914,dared,9
1008,ledge,9
2315,tunic,9
2384,liars,9
430,exact,9
960,camel,9
3526,raped,9
1037,moons,9
1372,meets,9
403,skill,9
534,truly,9
2446,viper,9
583,nails,9
1046,palms,9
1592,lowly,9
889,fears,9
924,skull,9
1067,fills,9
1699,roars,9
994,piles,9
931,cared,8
5230,tubal,8
1166,elder,8
52,story,8
1449,brood,8
488,entry,8
2014,filth,8
1479,media,8
45,study,8
2504,gloat,8
162,areas,8
1001,rests,8
1494,boils,8
3440,incur,8
1360,gleam,8
2000,gnats,8
154,maybe,8
395,frame,8
1104,seals,8
1954,quake,8
1434,wiser,8
1043,gains,8
99,round,8
314,boats,8
2400,heals,8
618,fired,8
352,title,8
295,dress,8
193,board,8
758,patch,7
1740,oaths,7
1077,foxes,7
2624,fords,7
1373,speck,7
896,decay,7
923,wells,7
925,hairs,7
1943,sling,7
1864,kneel,7
2077,taunt,7
957,ranks,7
1714,pagan,7
2562,excel,7
1236,stump,7
1638,erase,7
1724,rouse,7
1090,valid,7
812,knock,7
1111,folds,7
1122,feeds,7
1385,plows,7
1275,grove,7
1158,utter,7
2617,topaz,7
1029,draws,7
1231,strap,7
1543,fangs,7
497,flows,7
3457,harem,7
606,bench,7
2046,sheaf,7
3583,cumin,7
546,badly,7
1751,batch,7
539,weigh,7
569,waved,7
404,holes,7
223,coast,7
209,trade,7
238,seeds,6
472,banks,6
1428,growl,6
262,moves,6
2174,venom,6
2166,stork,6
2114,sores,6
266,range,6
1644,churn,6
1333,torch,6
281,pairs,6
274,chair,6
769,crazy,6
795,fleet,6
310,usual,6
442,hoped,6
1020,awoke,6
4629,semen,6
1098,swell,6
353,knife,6
1429,texts,6
3723,annas,6
817,blown,6
819,clubs,6
381,giant,6
1713,plumb,6
647,blade,6
927,wears,6
2361,raven,6
913,bonds,6
950,limbs,6
1691,whips,6
112,girls,6
140,glass,6
734,unity,6
213,meant,6
915,faded,6
1560,soles,6
2497,robed,6
3387,beryl,6
1986,wills,6
762,blame,6
721,worms,6
1457,heaps,6
2126,grate,6
493,brief,6
1610,quail,6
2090,binds,5
2357,mocks,5
3522,aloes,5
911,stare,5
408,climb,5
1374,hymns,5
1011,clung,5
832,rides,5
398,magic,5
2098,chews,5
396,bells,5
1542,evils,5
620,thumb,5
871,frost,5
1837,ovens,5
850,dense,5
592,seats,5
2021,dares,5
868,loads,5
962,picks,5
1331,hairy,5
4577,gimel,5
986,melts,5
2003,shuts,5
2020,haunt,5
469,drops,5
952,gazed,5
2271,grope,5
4647,ephah,5
467,shirt,5
2024,abyss,5
448,depth,5
578,spots,5
727,rains,5
1597,sheds,5
822,twist,5
294,quick,5
2821,ramps,5
264,angle,5
1567,forks,5
1151,couch,5
1994,veils,5
690,proof,5
2169,omens,5
694,tails,5
5186,zayin,5
1734,cheat,5
1182,debts,5
1800,vowed,5
711,alarm,5
1206,myths,5
751,pupil,5
1844,gouge,5
1212,crows,5
2635,lamed,5
122,forms,5
738,craft,5
1401,leafy,5
1803,exits,5
726,upset,5
1137,rival,5
249,foods,5
1099,salty,5
3461,dross,5
2101,scoff,5
3891,latin,5
1488,dries,5
804,cliff,5
324,tools,5
126,check,4
3734,omega,4
3886,gores,4
318,model,4
1350,chaos,4
1873,rumor,4
1308,hedge,4
2122,rabbi,4
1890,wraps,4
932,broom,4
1214,slash,4
399,occur,4
1200,plump,4
1216,rowed,4
1246,lasts,4
1073,fatal,4
1056,lover,4
96,quite,4
67,lines,4
557,steep,4
2389,equip,4
365,basis,4
166,ocean,4
279,style,4
4579,minas,4
1897,fraud,4
1480,surge,4
3024,sages,4
1012,stole,4
1321,booth,4
2450,abhor,4
256,nouns,4
1492,spice,4
2833,lairs,4
729,rainy,4
1332,buyer,4
1102,weave,4
1334,vigor,4
350,extra,4
3335,elite,4
972,twins,4
216,local,4
1087,traps,4
207,basic,4
2888,dirge,4
2264,exult,4
2561,longs,4
608,fires,4
824,hides,4
706,heels,4
1395,carve,4
1439,casts,4
1831,stark,4
637,verse,4
2698,seers,4
1739,quota,4
658,brick,4
768,cargo,4
2491,frees,4
656,stops,4
783,peaks,4
645,ghost,4
717,guest,4
820,cheer,4
2018,adorn,4
782,cheek,4
1452,abuse,4
1852,grabs,4
818,piled,4
900,goals,4
680,pulls,3
1017,breed,3
1127,souls,3
433,layer,3
3908,rapes,3
861,belts,3
3521,uncut,3
1875,horde,3
2238,waver,3
4869,hades,3
1760,swoop,3
2280,fawns,3
450,event,3
2903,wafer,3
984,bloom,3
2692,yoked,3
1729,dined,3
2568,dawns,3
603,hopes,3
2721,tiers,3
326,sheet,3
1314,unite,3
1026,flask,3
653,worst,3
650,reads,3
1453,whirl,3
376,beach,3
1066,drain,3
354,fence,3
1094,prior,3
3895,henna,3
385,rough,3
391,cream,3
393,edges,3
828,stern,3
1048,roast,3
833,muddy,3
1676,warns,3
1722,amber,3
836,ridge,3
1660,leans,3
330,match,3
3358,spelt,3
1721,skiff,3
1680,flank,3
2572,dregs,3
1115,pluck,3
1681,drags,3
1271,sting,3
363,press,3
528,stuck,3
3047,wombs,3
723,sweat,3
2736,scabs,3
2118,axles,3
552,prize,3
1459,await,3
1399,razor,3
718,float,3
5256,holon,3
881,coral,3
2841,atone,3
2461,hires,3
1766,leaks,3
3481,glean,3
1194,barns,3
172,scale,3
759,nests,3
2254,adore,3
1180,bites,3
519,vapor,3
2862,roams,3
1363,shear,3
2312,lures,3
1176,ankle,3
2081,prune,3
739,newly,3
1605,broth,3
867,pearl,3
2753,lurks,3
2310,rages,3
97,class,3
219,train,3
3588,comer,2
1523,jewel,2
1562,urine,2
150,solve,2
1786,cobra,2
1086,scare,2
2758,gnash,2
2981,cower,2
1084,snowy,2
1895,tongs,2
131,plane,2
2395,sided,2
659,claws,2
810,slice,2
1291,sacks,2
1100,marsh,2
358,plays,2
1397,warms,2
1252,shawl,2
1743,rafts,2
2203,verge,2
117,hours,2
741,hatch,2
2128,tolls,2
124,ideas,2
807,rural,2
1159,paved,2
2033,fades,2
1948,chirp,2
674,penny,2
208,liked,2
1648,bully,2
1277,prose,2
790,stall,2
1417,stoop,2
1643,theft,2
695,pause,2
2167,lured,2
1656,bulge,2
693,sings,2
3085,harms,2
1387,tamed,2
5744,baldy,2
1161,fours,2
1154,ounce,2
2297,nomad,2
242,woods,2
703,races,2
1510,shrub,2
668,grand,2
2188,tempt,2
2107,vigil,2
2154,aides,2
1527,tying,2
319,prime,2
1514,slung,2
1521,spill,2
800,poets,2
1653,curds,2
2603,weeps,2
1557,eater,2
2329,graft,2
1126,towel,2
1987,foams,2
2626,agate,2
1788,flare,2
303,types,2
1131,loans,2
374,smile,2
616,teams,2
1427,raged,2
890,flung,2
1465,packs,2
462,pound,2
943,rally,2
1969,grips,2
532,swing,2
536,beans,2
3353,gorge,2
2239,mason,2
999,ditch,2
3371,doers,2
1482,repel,2
3351,abode,2
437,tests,2
1709,lends,2
435,minor,2
2087,heron,2
581,adult,2
1013,molds,2
543,swung,2
985,dwelt,2
1824,bared,2
2477,lotus,2
491,feels,2
958,array,2
1534,earns,2
2373,wipes,2
2070,havoc,2
1689,choke,2
2069,avert,2
882,focus,2
1444,resin,2
1337,herbs,2
597,silly,2
485,union,2
971,ponds,2
1712,widen,2
866,tends,2
596,dirty,2
977,stalk,2
482,theme,2
813,noisy,2
623,habit,2
2695,sprig,2
522,tough,2
1049,tidal,2
2674,crave,2
1040,hangs,2
567,juice,2
1353,ample,2
2579,wails,2
431,brush,2
1947,piety,2
2443,allot,2
1051,chant,2
1856,sawed,2
644,civil,2
3389,brier,2
2442,moans,2
1593,abide,2
1706,sieve,2
2957,ether,2
1312,tract,2
1968,fined,2
1577,wakes,2
2467,knead,2
814,sorts,2
1487,exert,2
2029,claps,2
1579,miner,2
2463,feuds,2
2444,defer,2
1033,haste,2
631,crack,2
1035,deals,2
1941,haven,1
2019,glaze,1
1260,blaze,1
1354,lease,1
3018,heres,1
2732,stags,1
1983,slaps,1
1356,sinks,1
2709,drips,1
1448,decks,1
1239,cooks,1
2079,fines,1
1524,snaps,1
1257,sleek,1
3231,ousts,1
1925,boxed,1
2047,moles,1
1458,slang,1
1351,sewed,1
3920,carob,1
1398,shady,1
1249,crane,1
1466,froze,1
1254,troop,1
1956,plaza,1
1344,aided,1
1554,scars,1
3987,crypt,1
2728,elude,1
2676,welts,1
1435,timid,1
1931,glows,1
2747,slays,1
1382,snows,1
2745,sways,1
1286,dimly,1
1975,strut,1
1381,spied,1
1591,budge,1
3025,goads,1
1304,tumor,1
1289,pines,1
1485,hunts,1
2100,hyena,1
1298,adopt,1
1292,brace,1
1486,mists,1
2794,tiara,1
1489,mates,1
1293,quote,1
1421,lanes,1
1589,forge,1
1393,arena,1
1544,snout,1
1556,raids,1
1555,chops,1
1525,stain,1
3995,calve,1
2752,assay,1
4976,torah,1
2040,snuff,1
1388,thorn,1
1329,pouch,1
1945,urges,1
2023,bakes,1
1416,tasty,1
3091,leeks,1
1368,anvil,1
1326,darts,1
1276,leaps,1
1995,mused,1
2775,moron,1
1233,shack,1
1281,tusks,1
2680,shins,1
2073,ruddy,1
1980,bland,1
1232,crews,1
2255,sneer,1
1700,vault,1
917,crude,1
1702,scold,1
909,wreck,1
1703,blink,1
2370,ember,1
521,mouse,1
897,ports,1
1775,snarl,1
3391,rowdy,1
2274,stink,1
2360,revel,1
859,tires,1
548,pilot,1
2359,shorn,1
1718,scoop,1
553,stove,1
3701,lusts,1
837,drift,1
1698,riots,1
934,panel,1
2236,gulps,1
515,brass,1
995,aimed,1
3355,alpha,1
988,flags,1
982,sheer,1
2241,ebony,1
2484,yokes,1
975,pools,1
974,fluid,1
512,forty,1
973,wrist,1
969,sauce,1
2244,clods,1
965,rigid,1
2558,eases,1
2248,sedan,1
949,charm,1
947,cools,1
1872,humps,1
2372,torso,1
3411,giver,1
4521,modem,1
805,stamp,1
559,trunk,1
720,pipes,1
714,clerk,1
2923,penis,1
609,meals,1
2320,spits,1
2495,neigh,1
2493,leech,1
683,talks,1
2489,caper,1
676,shock,1
4669,harum,1
666,tries,1
662,skirt,1
627,crust,1
657,rapid,1
1757,barbs,1
632,print,1
655,lists,1
3652,circa,1
593,stuff,1
730,parks,1
735,bunch,1
575,views,1
803,organ,1
1726,hitch,1
561,porch,1
3694,logos,1
1728,leash,1
784,ideal,1
568,raced,1
2466,jeers,1
767,chalk,1
736,rolls,1
1768,dodge,1
1735,reefs,1
579,blend,1
755,agent,1
1741,prone,1
589,trace,1
744,wider,1
743,funds,1
997,twigs,1
2560,chasm,1
2396,yearn,1
1797,mowed,1
200,dance,1
287,paint,1
2179,guild,1
320,fifty,1
2141,crags,1
1647,taxed,1
503,noted,1
335,lunch,1
2172,wrung,1
2189,capes,1
3295,saris,1
1652,raked,1
182,major,1
1896,steed,1
1116,stack,1
1114,joins,1
2173,forum,1
1155,lodge,1
347,wagon,1
2623,welds,1
2634,oozes,1
2150,noose,1
2815,liken,1
237,verbs,1
1628,paced,1
2432,navel,1
1636,awful,1
267,marks,1
2819,sifts,1
1791,soaks,1
1173,hound,1
3545,natal,1
1172,roles,1
1627,madly,1
2165,enact,1
1163,tiles,1
1894,agile,1
1815,hasty,1
1064,noses,1
1780,roost,1
407,apple,1
1822,aging,1
2217,stubs,1
1050,bored,1
1882,mares,1
1677,fling,1
3332,avail,1
1678,berry,1
1027,stake,1
2376,recur,1
3519,gecko,1
1782,swirl,1
1821,aloof,1
1879,slime,1
2231,gazes,1
380,sorry,1
49,paper,1
377,stock,1
3782,wadis,1
2233,calms,1
3787,stoic,1
351,plate,1
1664,lance,1
1088,relax,1
1082,usage,1
132,spell,1
2208,outdo,1
373,track,1
1074,sites,1
2394,dowry,1
1071,flown,1
1808,rites,1
1620,dwarf,1
4214,venal,0
4198,anted,0
4196,dorks,0
4216,ritzy,0
4215,knish,0
4197,eared,0
4307,whish,0
4195,socko,0
4199,elide,0
4312,hazed,0
4202,dowse,0
4200,fazes,0
4208,salsa,0
4311,clone,0
4310,shags,0
4204,macaw,0
4205,scone,0
4203,situs,0
4309,craps,0
4206,drily,0
4207,hyper,0
4209,mooch,0
4315,refix,0
4308,reify,0
4201,oxbow,0
4210,gated,0
4313,macho,0
4211,unjam,0
4314,recto,0
4212,lipid,0
4213,mitre,0
4306,flubs,0
4230,roans,0
4305,raker,0
4217,divas,0
4282,catty,0
4258,rutty,0
4257,shahs,0
4256,rebid,0
4255,xerox,0
4254,emote,0
4253,miffs,0
4283,glitz,0
4284,brigs,0
4252,girts,0
4251,nabla,0
4250,primp,0
4249,wacko,0
4248,twixt,0
4285,nerds,0
4247,abash,0
4246,twits,0
4286,barmy,0
4245,plebe,0
4259,grout,0
4281,perms,0
4280,tutus,0
4266,acmes,0
4271,whore,0
4270,disco,0
4269,torts,0
4268,hussy,0
4273,gibed,0
4274,vamps,0
4267,piton,0
4275,amour,0
4276,soppy,0
4279,wader,0
4277,gonzo,0
4265,bries,0
4264,semis,0
4263,kopek,0
4262,biddy,0
4261,deify,0
4278,durst,0
4260,grift,0
4287,gizmo,0
4244,tuxes,0
4243,hicks,0
4221,recut,0
4227,caulk,0
4296,matte,0
4297,droid,0
4226,fiats,0
4224,fends,0
4223,wined,0
4298,ploys,0
4222,meson,0
4299,vapid,0
4229,panty,0
4220,dimer,0
4219,mange,0
4300,cairn,0
4301,deism,0
4302,mixup,0
4218,torus,0
4303,yikes,0
4304,prosy,0
4228,cavil,0
4295,colas,0
4288,owlet,0
4237,gelds,0
4289,sayer,0
4290,molls,0
4242,infix,0
4241,fixer,0
4240,pager,0
4291,shard,0
4239,raper,0
4238,ahold,0
4236,sooth,0
4294,corer,0
4235,sully,0
4234,estop,0
4233,botch,0
4292,whops,0
4232,hones,0
4231,bilks,0
4272,boozy,0
4293,comps,0
4225,phage,0
4499,sluts,0
4316,drams,0
4503,delis,0
4509,scrod,0
4508,texas,0
4507,byway,0
4506,poset,0
4505,hyped,0
4504,wooer,0
4502,tyros,0
4511,futon,0
4501,narcs,0
4500,obits,0
4193,octet,0
4498,fatso,0
4497,nuked,0
4496,hider,0
4510,avows,0
4512,torte,0
4494,toady,0
4522,toped,0
4528,drays,0
4527,coxed,0
4526,tarns,0
4525,klutz,0
4524,sicko,0
4523,psych,0
4520,repro,0
4513,tuple,0
4519,artsy,0
4518,duals,0
4517,jilts,0
4516,tamps,0
4515,kebab,0
4514,carom,0
4495,naiad,0
4493,tweet,0
4317,biker,0
4467,loopy,0
4473,envoi,0
4472,dopey,0
4471,execs,0
4470,dippy,0
4469,ascot,0
4468,dorms,0
4466,coxes,0
4475,gismo,0
4465,condo,0
4464,stats,0
4463,craws,0
4462,muxes,0
4461,usury,0
4460,sauna,0
4474,umpty,0
4476,fazed,0
4492,ogles,0
4485,prawn,0
4491,touts,0
4490,proms,0
4489,prexy,0
4488,oodle,0
4487,campy,0
4486,luaus,0
4484,pekoe,0
4477,strop,0
4483,leggo,0
4482,sonly,0
4481,pings,0
4480,batik,0
4479,slims,0
4478,jives,0
4529,cloys,0
4530,anded,0
4531,piker,0
4575,quais,0
4583,jings,0
4582,manta,0
4581,agape,0
4580,goest,0
4578,gorse,0
4576,coked,0
4574,snots,0
4585,admen,0
4573,wryer,0
4572,dolor,0
4571,elate,0
4570,ruble,0
4569,roils,0
4568,taxer,0
4584,iliac,0
4586,offen,0
4532,aimer,0
4595,locos,0
4601,outta,0
4600,hilar,0
4599,mimsy,0
4598,bitsy,0
4597,gluey,0
4596,belay,0
4594,donna,0
4587,cills,0
4593,boggy,0
4592,alway,0
4591,thwap,0
4590,bolas,0
4589,lotta,0
4588,offal,0
4567,hirer,0
4566,orals,0
4565,limey,0
4540,klieg,0
4546,duvet,0
4545,toper,0
4544,axing,0
4543,tokes,0
4542,layup,0
4541,staph,0
4539,shire,0
4564,carny,0
4538,mucky,0
4537,dutch,0
4536,hapax,0
4535,flack,0
4534,limos,0
4533,suras,0
4547,cowry,0
4548,profs,0
4549,blahs,0
4550,addle,0
4551,sudsy,0
4552,batty,0
4553,coifs,0
4554,suety,0
4555,gabby,0
4556,hafta,0
4557,pitas,0
4558,gouda,0
4559,deice,0
4560,taupe,0
4561,topes,0
4562,duchy,0
4563,nitro,0
4459,snafu,0
4458,minis,0
4457,faddy,0
4360,hales,0
4366,kefir,0
4365,mosey,0
4364,pampa,0
4363,rawer,0
4362,cabal,0
4361,roust,0
4359,poufs,0
4368,unmet,0
4358,yoyos,0
4357,grail,0
4356,tromp,0
4355,wimps,0
4354,epees,0
4353,ivied,0
4367,burgs,0
4369,cuspy,0
4386,doper,0
4378,quark,0
4384,vitas,0
4383,swigs,0
4382,hawed,0
4381,ayins,0
4380,prate,0
4379,toked,0
4377,sepal,0
4370,boobs,0
4376,yogis,0
4375,lanai,0
4374,nards,0
4373,dynes,0
4372,hypes,0
4371,boons,0
4352,zippy,0
4351,gnarl,0
4350,lulus,0
4325,jived,0
4331,admix,0
4330,vivas,0
4329,oldie,0
4328,harpy,0
4327,cager,0
4326,hulky,0
4324,noels,0
4349,antes,0
4323,divvy,0
4322,goofs,0
4321,exude,0
4320,doyen,0
4319,porky,0
4318,aquas,0
4332,codas,0
4333,zilch,0
4334,deist,0
4335,orcas,0
4336,retro,0
4337,pilaf,0
4338,parse,0
4339,rants,0
4340,zingy,0
4341,toddy,0
4342,chiff,0
4343,micro,0
4344,veeps,0
4345,girly,0
4346,nexus,0
4347,demos,0
4348,bibbs,0
4385,toker,0
4387,bossa,0
4456,finks,0
4431,daffy,0
4437,burps,0
4436,toffs,0
4435,lotto,0
4434,karma,0
4433,mufti,0
4432,chits,0
4430,drubs,0
4439,zings,0
4429,agora,0
4428,retry,0
4427,pushy,0
4426,egads,0
4425,faxed,0
4424,gutsy,0
4438,deuce,0
4440,kappa,0
4388,linty,0
4449,waled,0
4455,coset,0
4454,viand,0
4453,oinks,0
4452,muffs,0
4451,blats,0
4450,promo,0
4448,zetas,0
4441,clads,0
4447,throe,0
4446,mimes,0
4445,ogler,0
4444,scams,0
4443,duper,0
4442,doggy,0
4423,balms,0
4422,swart,0
4421,houri,0
4396,wimpy,0
4402,pinko,0
4401,kabob,0
4400,frosh,0
4399,tarot,0
4398,fungo,0
4397,rewed,0
4395,capon,0
4420,dados,0
4394,zesty,0
4393,twerp,0
4392,kayos,0
4391,stash,0
4390,mondo,0
4389,foist,0
4403,redid,0
4404,mimeo,0
4405,heist,0
4406,tarps,0
4407,lamas,0
4408,sutra,0
4409,dinar,0
4410,whams,0
4411,busty,0
4412,spays,0
4413,mambo,0
4414,nabob,0
4415,preps,0
4416,odour,0
4417,cabby,0
4418,conks,0
4419,sluff,0
4194,homed,0
3843,cagey,0
4192,tzars,0
3772,tubby,0
3779,ducat,0
3778,funky,0
3777,trike,0
3776,slobs,0
3775,unzip,0
3774,coati,0
3773,emirs,0
3771,bowie,0
3802,crick,0
3770,aerie,0
3769,chine,0
3768,skeet,0
3767,metro,0
3766,sward,0
3765,whomp,0
3764,blued,0
3780,dewey,0
3781,skoal,0
3783,oomph,0
3784,taker,0
3800,raspy,0
3799,beaut,0
3798,radon,0
3797,humpy,0
3796,orlon,0
3795,peaty,0
3794,louts,0
3793,venue,0
3792,inlay,0
3791,braze,0
3790,flyby,0
3789,runty,0
3788,synod,0
3786,getup,0
3785,minim,0
3763,woozy,0
3762,voila,0
3761,comfy,0
3742,testy,0
3740,reals,0
3739,mecca,0
3738,folio,0
3737,picas,0
3736,prima,0
3735,laver,0
3733,mousy,0
3732,maned,0
3731,monic,0
3730,basso,0
3729,nadir,0
3728,savvy,0
3727,jihad,0
3726,zowie,0
3725,shims,0
3741,troth,0
3743,balky,0
3760,grads,0
3744,crimp,0
3759,nukes,0
3758,viral,0
3757,motet,0
3756,joust,0
3755,islet,0
3754,ratty,0
3753,levis,0
3752,moray,0
3751,pasty,0
3750,cutie,0
3749,vaunt,0
3748,abaci,0
3747,splat,0
3746,abets,0
3745,chink,0
3801,unfed,0
3803,nappy,0
4191,gofer,0
3851,coots,0
3858,kooks,0
3857,drear,0
3856,frizz,0
3855,betel,0
3854,segue,0
3853,caddy,0
3852,melba,0
3850,beefy,0
3804,vizor,0
3849,felon,0
3848,lapis,0
3847,hanky,0
3846,leggy,0
3845,epoxy,0
3844,fudgy,0
4603,fetal,0
3859,turbo,0
3860,hoagy,0
3861,moult,0
3862,helix,0
3877,begot,0
3876,rumen,0
3875,ogled,0
3874,whiny,0
3873,gigas,0
3872,tenet,0
3871,retch,0
3870,fryer,0
3869,swain,0
3868,banns,0
3867,lacey,0
3866,paean,0
3865,nosey,0
3864,arias,0
3863,zonal,0
3842,fetid,0
3841,viols,0
3840,spiel,0
3821,dicta,0
3819,dacha,0
3818,crass,0
3817,zebus,0
3816,lager,0
3815,matzo,0
3814,cotta,0
3813,dyers,0
3812,kiddo,0
3811,sitar,0
3810,squib,0
3809,vetch,0
3808,kiwis,0
3807,divot,0
3806,rebus,0
3805,yipes,0
3820,kneed,0
3822,fakir,0
3839,outgo,0
3823,knurl,0
3838,nodal,0
3837,genii,0
3836,achoo,0
3835,croft,0
3834,hulas,0
3833,butch,0
3832,kaput,0
3831,stoke,0
3830,tacky,0
3829,sushi,0
3828,nudes,0
3827,globs,0
3826,julep,0
3825,unpin,0
3824,runny,0
3724,coypu,0
3722,honed,0
3721,seder,0
3614,fagot,0
3621,banal,0
3620,amuck,0
3619,axons,0
3618,caped,0
3617,fount,0
3616,eyrie,0
3615,letup,0
3613,echos,0
3720,libra,0
3612,audit,0
3611,jello,0
3610,stein,0
3609,picky,0
3608,nodes,0
3607,anion,0
3606,egged,0
3622,riled,0
3623,petit,0
3624,umber,0
3625,miler,0
3640,puree,0
3639,pylon,0
3638,slurp,0
3637,strep,0
3636,pesky,0
3635,umped,0
3634,manic,0
3633,mater,0
3632,pudgy,0
3631,feint,0
3630,vitro,0
3629,bilge,0
3628,bated,0
3627,agave,0
3626,fibre,0
3605,annul,0
3604,toxin,0
3603,cadre,0
3581,ghoul,0
3579,blocs,0
3578,tares,0
3577,tabby,0
3576,telly,0
3575,servo,0
3574,dykes,0
3573,deems,0
3572,theta,0
3571,breve,0
3570,ebbed,0
3569,gimme,0
3568,spate,0
3567,edger,0
3566,cameo,0
3565,swath,0
3580,welch,0
3582,vitae,0
3602,bawdy,0
3584,dinky,0
3601,runes,0
3600,bloke,0
3599,furor,0
3598,thugs,0
3597,quire,0
3596,conga,0
3595,sprit,0
3594,gyros,0
3593,deary,0
3592,mammy,0
3591,privy,0
3590,sired,0
3589,borer,0
3587,teeny,0
3585,bronc,0
3641,caret,0
3642,temps,0
3643,newel,0
3702,unary,0
3699,bulgy,0
3698,bidet,0
3697,ducal,0
3696,natty,0
3695,tipsy,0
3693,aught,0
3692,clack,0
3691,saute,0
3690,writs,0
3689,decry,0
3688,toner,0
3687,laity,0
3686,quads,0
3685,specs,0
3684,cusps,0
3700,metre,0
3703,goeth,0
3682,dotty,0
3704,baler,0
3719,femur,0
3718,shunt,0
3717,binge,0
3716,titan,0
3715,pimps,0
3714,loamy,0
3713,huffy,0
3712,melee,0
3711,looky,0
3710,swank,0
3709,holed,0
3708,brung,0
3707,hasps,0
3706,shies,0
3705,sited,0
3683,demur,0
3681,yokel,0
3644,yawns,0
3662,hippo,0
3660,amity,0
3659,motes,0
3658,kooky,0
3657,carne,0
3656,titer,0
3655,mommy,0
3654,afoul,0
3653,tibia,0
3651,loner,0
3650,mangy,0
3649,brads,0
3648,rangy,0
3647,coups,0
3646,treed,0
3645,seedy,0
3661,suave,0
3663,curvy,0
3680,chive,0
3664,samba,0
3679,hiker,0
3678,wrack,0
3677,curio,0
3676,bodes,0
3675,idyll,0
3674,canto,0
3673,opted,0
3672,wales,0
3671,hallo,0
3670,liven,0
3669,aways,0
3668,tulle,0
3667,imams,0
3666,anise,0
3665,newsy,0
3878,cruse,0
3879,abuts,0
3880,riven,0
4088,thews,0
4095,capos,0
4094,frump,0
4093,fiver,0
4092,intro,0
4091,tesla,0
4090,amens,0
4089,prink,0
4087,leery,0
4040,snide,0
4086,puked,0
4085,spacy,0
4084,cushy,0
4083,bombe,0
4082,hayed,0
4081,quals,0
4080,quash,0
4096,opine,0
4097,coder,0
4098,namer,0
4099,jowly,0
4114,decaf,0
4113,neato,0
4112,nisei,0
4111,cutup,0
4110,telex,0
4109,silty,0
4108,frats,0
4107,toons,0
4106,whang,0
4105,reuse,0
4104,bruin,0
4103,duffs,0
4102,chard,0
4101,haled,0
4100,pukes,0
4079,chock,0
4078,wurst,0
4077,avian,0
4058,angst,0
4056,hilum,0
4055,nutsy,0
4054,curie,0
4053,ankhs,0
4052,furze,0
4051,hokum,0
4050,skyed,0
4049,cadge,0
4048,iotas,0
4047,pater,0
4046,creel,0
4045,nixes,0
4044,trove,0
4043,jaggy,0
4042,gesso,0
4057,remix,0
4059,burls,0
4076,donut,0
4060,jimmy,0
4075,jocks,0
4074,mynah,0
4073,kelly,0
4072,butyl,0
4071,bozos,0
4070,rheas,0
4069,lubes,0
4068,doozy,0
4067,axman,0
4066,flume,0
4065,gamed,0
4064,befog,0
4063,codon,0
4062,tryst,0
4061,veiny,0
4115,softy,0
4116,bimbo,0
4117,adlib,0
4173,pesto,0
4171,faxes,0
4170,educe,0
4169,bosun,0
4168,randy,0
4167,gulag,0
4166,vagus,0
4165,pinup,0
4164,debit,0
4163,boffo,0
4162,melds,0
4161,mimed,0
4160,nacho,0
4159,souse,0
4158,slogs,0
4157,scuzz,0
4172,auras,0
4174,antsy,0
4155,maven,0
4175,betas,0
4190,rehab,0
4189,jades,0
4188,druid,0
4187,paned,0
4186,goyim,0
4185,esses,0
4184,gouty,0
4183,gamin,0
4182,nobby,0
4181,mylar,0
4180,thane,0
4179,moxie,0
4178,snits,0
4177,dorky,0
4176,fizzy,0
4156,adman,0
4154,resew,0
4118,loony,0
4135,weepy,0
4133,jinks,0
4132,whorl,0
4131,ikats,0
4130,narco,0
4129,upend,0
4128,coned,0
4127,potty,0
4126,epact,0
4125,reran,0
4124,sarge,0
4123,gamey,0
4122,noway,0
4121,peeve,0
4120,agues,0
4119,shoed,0
4134,tizzy,0
4136,posit,0
4153,hokey,0
4137,marge,0
4152,yucky,0
4151,chaws,0
4150,tykes,0
4149,fixit,0
4148,bunco,0
4147,hammy,0
4146,hocus,0
4145,tiffs,0
4144,biped,0
4143,rower,0
4142,rubes,0
4141,reeks,0
4140,numbs,0
4139,clops,0
4138,vegan,0
4041,horsy,0
4039,kilos,0
3881,balks,0
3933,rearm,0
3940,chomp,0
3939,fichu,0
3938,trump,0
3937,nanny,0
3936,chump,0
3935,lumen,0
3934,liens,0
3932,winos,0
4038,nixed,0
3931,clave,0
3930,cubby,0
3929,scrim,0
3928,blips,0
3927,baize,0
3926,joule,0
3925,hubba,0
3941,homos,0
3942,purty,0
3943,maser,0
3944,woosh,0
3959,sappy,0
3958,altho,0
3957,payer,0
3956,snoot,0
3955,tansy,0
3954,shish,0
3953,natch,0
3952,lobed,0
3951,ahhhh,0
3950,boded,0
3949,swami,0
3948,avast,0
3947,rusks,0
3946,shill,0
3945,patsy,0
3924,verso,0
3923,poser,0
3922,prams,0
3901,gages,0
3899,prigs,0
3898,lifer,0
3897,dicks,0
3896,kraut,0
3894,scion,0
3893,moire,0
3892,dings,0
3890,odium,0
3889,sated,0
3888,augur,0
3887,unset,0
3885,ennui,0
3884,abase,0
3883,sigma,0
3882,sines,0
3900,bebop,0
3902,gazer,0
3921,emcee,0
3903,fanny,0
3919,tomes,0
3918,sepia,0
3917,tufty,0
3916,liege,0
3915,scarp,0
3914,guava,0
3913,ninny,0
3912,emend,0
3911,techs,0
3910,harts,0
3909,snuck,0
3907,hooch,0
3906,tempi,0
3905,aural,0
3904,gibes,0
3960,laxer,0
3961,hubby,0
3962,aegis,0
4020,caron,0
4018,edify,0
4017,gurus,0
4016,legit,0
4015,hewer,0
4014,ouija,0
4013,dicey,0
4012,facie,0
4011,synch,0
4010,recap,0
4009,saxes,0
4008,gaffe,0
4007,boors,0
4006,fiche,0
4005,biter,0
4004,femme,0
4019,tweak,0
4021,typos,0
4002,unlit,0
4022,rerun,0
4037,moola,0
4036,porno,0
4035,talus,0
4034,splay,0
4033,blabs,0
4032,pates,0
4031,debug,0
4030,mafia,0
4029,mogul,0
4028,lefty,0
4027,hater,0
4026,nulls,0
4025,hamza,0
4024,surds,0
4023,polly,0
4003,nervy,0
4001,gassy,0
3963,riles,0
3980,phyla,0
3978,chary,0
3977,belie,0
3976,imbue,0
3975,apses,0
3974,seamy,0
3973,payee,0
3972,bitty,0
3971,heerd,0
3970,lorry,0
3969,peaky,0
3968,septa,0
3967,quasi,0
3966,dingo,0
3965,jazzy,0
3964,ditto,0
3979,spoof,0
3981,clime,0
4000,vibes,0
3982,babel,0
3999,faker,0
3998,ducky,0
3997,argot,0
3996,limbo,0
3994,kazoo,0
3993,anole,0
3992,hooey,0
3991,faire,0
3990,outen,0
3989,nonce,0
3988,inure,0
3986,khans,0
3985,skids,0
3984,sumps,0
3983,wacky,0
4602,vroom,0
5099,baddy,0
4604,raths,0
5372,goony,0
5378,calix,0
5377,hodad,0
5376,genet,0
5375,hurly,0
5374,fuzes,0
5373,booky,0
5371,guyed,0
5380,pawls,0
5370,trues,0
5369,couth,0
5368,shoer,0
5367,fader,0
5366,abuzz,0
5365,redux,0
5379,filer,0
5381,iodic,0
5363,filar,0
5390,poxed,0
5396,plena,0
5395,tatty,0
5394,becks,0
5393,kiths,0
5392,anile,0
5391,cunts,0
5389,folic,0
5382,utero,0
5388,sexed,0
5387,weald,0
5386,piing,0
5385,liers,0
5384,unsay,0
5383,henge,0
5364,frier,0
5362,kerbs,0
5327,goosy,0
5336,sahib,0
5342,taxol,0
5341,acned,0
5340,vaned,0
5339,sputa,0
5338,scats,0
5337,ganef,0
5335,tubed,0
5344,oweth,0
5334,kluge,0
5333,crits,0
5332,maced,0
5331,pawer,0
5330,toffy,0
5329,oleos,0
5343,plink,0
5345,tribs,0
5361,tecum,0
5354,porks,0
5360,bonks,0
5359,hexad,0
5358,beamy,0
5357,glary,0
5356,alkyd,0
5355,quoit,0
5353,antis,0
5346,resay,0
5352,bezel,0
5351,maxis,0
5350,glans,0
5349,haply,0
5348,thous,0
5347,boule,0
5397,rebar,0
5398,abled,0
5399,toyer,0
5443,lases,0
5449,styli,0
5448,ombre,0
5447,stoas,0
5446,axels,0
5445,rasae,0
5444,paten,0
5442,uteri,0
5451,hazer,0
5441,pease,0
5440,bhang,0
5439,gaper,0
5438,knout,0
5437,scudo,0
5436,kaiak,0
5450,gunky,0
5452,kenaf,0
5400,attar,0
5461,nitty,0
5467,gluon,0
5466,villi,0
5465,darky,0
5464,somas,0
5463,lieth,0
5462,techy,0
5460,fetor,0
5453,ahoys,0
5459,bolos,0
5458,paren,0
5457,kudzu,0
5456,urger,0
5455,weeny,0
5454,ammos,0
5435,barfy,0
5434,canna,0
5433,civvy,0
5408,prats,0
5414,lossy,0
5413,bahts,0
5412,owest,0
5411,smurf,0
5410,muter,0
5409,mesne,0
5407,wists,0
5432,reeve,0
5406,redip,0
5405,feces,0
5404,anent,0
5403,awing,0
5402,aioli,0
5401,teaks,0
5415,ftped,0
5416,hunky,0
5417,hoers,0
5418,slier,0
5419,sicks,0
5420,fatly,0
5421,delft,0
5422,hiver,0
5423,himbo,0
5424,pengo,0
5425,busks,0
5426,loxes,0
5427,zonks,0
5428,ilium,0
5429,aport,0
5430,ikons,0
5431,mulct,0
5328,sprog,0
5326,paver,0
5469,cants,0
5227,dreck,0
5234,assai,0
5233,beery,0
5232,dixit,0
5231,voxel,0
5229,arums,0
5228,dater,0
5226,vacua,0
5236,actin,0
5225,oiler,0
5224,eruct,0
5223,expos,0
5222,cocas,0
5221,gyppy,0
5220,ulnar,0
5235,lades,0
5237,ghoti,0
5218,mosts,0
5246,kulak,0
5252,wonks,0
5251,lapin,0
5250,hoper,0
5249,duddy,0
5248,rived,0
5247,bocci,0
5245,pyxie,0
5238,buzzy,0
5244,email,0
5243,creme,0
5242,clews,0
5241,ribby,0
5240,grody,0
5239,meads,0
5219,trews,0
5217,groks,0
5325,blear,0
5191,roily,0
5197,nerfs,0
5196,dipso,0
5195,hanks,0
5194,okras,0
5193,punny,0
5192,flabs,0
5190,qophs,0
5199,calla,0
5189,bassi,0
5188,barfs,0
5187,liest,0
5185,trued,0
5184,shnor,0
5183,heigh,0
5198,fauns,0
5200,pseud,0
5216,whews,0
5209,recta,0
5215,inker,0
5214,pones,0
5213,nicad,0
5212,keens,0
5211,slaws,0
5210,plonk,0
5208,pends,0
5201,lurer,0
5207,pocky,0
5206,palmy,0
5205,twink,0
5204,atria,0
5203,obeah,0
5202,magus,0
5253,petri,0
5254,phial,0
5255,fugal,0
5300,yahoo,0
5306,iambs,0
5305,moper,0
5304,nixie,0
5303,dryad,0
5302,zooey,0
5301,vulva,0
5299,vinca,0
5308,nudie,0
5298,shlep,0
5297,amped,0
5296,fumer,0
5295,quoin,0
5294,cruft,0
5293,monad,0
5307,lunes,0
5309,limns,0
5257,boomy,0
5318,stoup,0
5324,rands,0
5323,defun,0
5322,taels,0
5321,pubes,0
5320,debar,0
5319,jujus,0
5317,oxeye,0
5310,weals,0
5316,kikes,0
5315,mazer,0
5314,mynas,0
5313,gouts,0
5312,miaow,0
5311,nohow,0
5292,luxes,0
5291,calks,0
5290,dicer,0
5265,fisty,0
5271,yogic,0
5270,asana,0
5269,smogs,0
5268,maria,0
5267,luvya,0
5266,stagy,0
5264,litho,0
5289,giros,0
5263,hived,0
5262,porgy,0
5261,hayer,0
5260,shier,0
5259,musos,0
5258,duomo,0
5272,slomo,0
5273,fawny,0
5274,amine,0
5275,wefts,0
5276,gonad,0
5277,twirp,0
5278,brava,0
5279,plyer,0
5280,fermi,0
5281,loges,0
5282,niter,0
5283,revet,0
5284,unate,0
5285,gyved,0
5286,totty,0
5287,zappy,0
5288,honer,0
5468,janes,0
5470,farts,0
5181,relet,0
5659,blini,0
5665,naves,0
5664,fenny,0
5663,wazoo,0
5662,harks,0
5661,toyon,0
5660,spoor,0
5658,loggy,0
5667,tufas,0
5657,crump,0
5656,arses,0
5655,bight,0
5654,bairn,0
5653,cukes,0
5652,luted,0
5666,keyer,0
5668,morph,0
5650,cuing,0
5677,login,0
5683,unwon,0
5682,unsex,0
5681,agone,0
5680,huzza,0
5679,cirri,0
5678,molas,0
5676,rimer,0
5669,rajas,0
5675,finny,0
5674,mussy,0
5673,unban,0
5672,oxlip,0
5671,spiff,0
5670,typal,0
5651,refly,0
5649,gator,0
5614,coper,0
5623,doter,0
5629,pewit,0
5628,peens,0
5627,macer,0
5626,dicut,0
5625,besot,0
5624,toter,0
5622,holer,0
5631,poler,0
5621,ninja,0
5620,offed,0
5619,algin,0
5618,etext,0
5617,swags,0
5616,geeks,0
5630,redox,0
5632,yecch,0
5648,tabus,0
5641,wests,0
5647,inode,0
5646,lacer,0
5645,whelm,0
5644,abaft,0
5643,pilau,0
5642,gluer,0
5640,hexer,0
5633,fluky,0
5639,stele,0
5638,bider,0
5637,bebug,0
5636,cruds,0
5635,twats,0
5634,doeth,0
5684,peats,0
5685,toile,0
5686,zombi,0
5730,prest,0
5736,taros,0
5735,kicky,0
5734,bocce,0
5733,kelpy,0
5732,pasts,0
5731,curer,0
5729,brusk,0
5738,dicky,0
5728,shmoo,0
5727,diddy,0
5726,zooks,0
5725,doggo,0
5724,unfix,0
5723,thens,0
5737,lings,0
5739,nerdy,0
5687,dewed,0
5749,hypos,0
5755,biffy,0
5754,rumba,0
5753,roble,0
5752,osier,0
5751,spumy,0
5750,assed,0
5748,stied,0
5740,abend,0
5747,wonky,0
5746,gooks,0
5745,pubis,0
5743,laved,0
5742,biggy,0
5741,stela,0
5722,ender,0
5721,jukes,0
5720,atilt,0
5695,podia,0
5701,primo,0
5700,johns,0
5699,lycra,0
5698,prims,0
5697,apnea,0
5696,chino,0
5694,amyls,0
5719,noddy,0
5693,cuber,0
5692,holey,0
5691,dovey,0
5690,ixnay,0
5689,alkyl,0
5688,nooky,0
5702,fatwa,0
5703,egger,0
5704,hempy,0
5705,snook,0
5706,hying,0
5707,fuzed,0
5708,barms,0
5709,crink,0
5710,moots,0
5711,yerba,0
5712,rhumb,0
5713,unarc,0
5714,direr,0
5715,munge,0
5716,eland,0
5717,nares,0
5718,wrier,0
5615,ruche,0
5613,sedum,0
5471,socle,0
5515,zincs,0
5521,mohel,0
5520,jerry,0
5519,donee,0
5518,tikes,0
5517,kirks,0
5516,nates,0
5514,gutta,0
5523,doges,0
5513,overs,0
5512,buena,0
5511,doxie,0
5510,razer,0
5509,gules,0
5508,latus,0
5522,ceder,0
5524,unmap,0
5506,sware,0
5533,bubba,0
5539,worts,0
5538,poohs,0
5537,lawzy,0
5536,turdy,0
5535,forky,0
5534,pomps,0
5532,diest,0
5525,folia,0
5531,yores,0
5530,immix,0
5529,ceils,0
5528,topoi,0
5527,snark,0
5526,rawly,0
5507,elans,0
5505,morel,0
5612,aitch,0
5479,nerts,0
5485,pasha,0
5484,arity,0
5483,micks,0
5482,lilty,0
5481,swive,0
5480,cauls,0
5478,rices,0
5487,oinky,0
5477,wowee,0
5476,hadda,0
5475,ricer,0
5474,slily,0
5473,ruing,0
5472,jinns,0
5486,finif,0
5488,gutty,0
5504,roods,0
5497,snarf,0
5503,vails,0
5502,tangs,0
5501,berms,0
5500,stogy,0
5499,dungs,0
5498,legos,0
5496,bungs,0
5489,tetra,0
5495,shiki,0
5494,whats,0
5493,picot,0
5492,balds,0
5491,wolds,0
5490,wises,0
5540,gloms,0
5541,beano,0
5542,muley,0
5587,demit,0
5593,snugs,0
5592,bedim,0
5591,spics,0
5590,sawer,0
5589,rials,0
5588,whoso,0
5586,frigs,0
5595,azoic,0
5585,dulse,0
5584,malty,0
5582,playa,0
5581,laker,0
5580,xored,0
5579,apsos,0
5594,fanin,0
5596,icers,0
5543,barky,0
5605,lased,0
5611,pally,0
5610,unhit,0
5609,cozen,0
5608,easts,0
5607,swede,0
5606,turds,0
5604,laded,0
5597,suers,0
5603,feral,0
5602,rifer,0
5601,shirr,0
5600,topos,0
5599,koine,0
5598,wizen,0
5578,dildo,0
5577,doser,0
5576,dashy,0
5551,toric,0
5557,oaten,0
5556,apish,0
5555,carpy,0
5554,mungy,0
5553,reman,0
5552,soyas,0
5550,lisle,0
5575,corgi,0
5549,curdy,0
5548,cordy,0
5547,gaffs,0
5546,funks,0
5545,auric,0
5544,tunny,0
5558,gappy,0
5559,aurae,0
5560,bract,0
5561,rooky,0
5562,axled,0
5563,burry,0
5564,sizer,0
5565,proem,0
5566,turfy,0
5567,impro,0
5568,mashy,0
5569,miens,0
5570,nonny,0
5571,olios,0
5572,grook,0
5573,sates,0
5574,agley,0
5182,therm,0
5180,mujik,0
4605,renal,0
4795,spivs,0
4801,mahua,0
4800,weirs,0
4799,anima,0
4798,bergs,0
4797,belli,0
4796,tuans,0
4794,infra,0
4803,manse,0
4793,terry,0
4792,beaky,0
4791,psoas,0
4790,corms,0
4789,mezzo,0
4788,homme,0
4802,scops,0
4804,titre,0
4786,ocher,0
4813,sloes,0
4819,panga,0
4818,pruta,0
4817,tutti,0
4816,blash,0
4815,russe,0
4814,jakes,0
4812,dolce,0
4805,curia,0
4811,amide,0
4810,tapis,0
4809,fucks,0
4808,talky,0
4807,cycad,0
4806,kebob,0
4787,tared,0
4785,neath,0
4750,chile,0
4759,gyves,0
4765,casus,0
4764,baulk,0
4763,inapt,0
4762,mavis,0
4761,feued,0
4760,lazed,0
4758,brent,0
4767,wised,0
4757,milch,0
4756,hydro,0
4755,rebox,0
4754,magna,0
4753,litre,0
4752,nippy,0
4766,scrum,0
4768,fossa,0
4784,epsom,0
4777,beaux,0
4783,quiff,0
4782,intra,0
4781,lardy,0
4780,musta,0
4779,orate,0
4778,tusky,0
4776,ukase,0
4769,dower,0
4775,juste,0
4774,ohmic,0
4773,feuar,0
4772,scuse,0
4771,bhoys,0
4770,kyrie,0
4820,blebs,0
4821,tench,0
4822,swarf,0
4866,vacuo,0
4873,excon,0
4872,muser,0
4871,syncs,0
4870,wiled,0
4868,weest,0
4867,slued,0
4865,unbox,0
4875,sibyl,0
4864,chars,0
4863,wroth,0
4862,mumbo,0
4861,sherd,0
4860,kraal,0
4859,dictu,0
4874,hoars,0
4876,passe,0
4823,herem,0
4885,ileus,0
4891,biles,0
4890,yobbo,0
4889,buffo,0
4888,wheal,0
4887,busby,0
4886,plash,0
4884,nones,0
4877,joeys,0
4883,darer,0
4882,endue,0
4881,bocks,0
4880,shays,0
4879,lepta,0
4878,lotsa,0
4858,polis,0
4857,coney,0
4856,fondu,0
4831,tiros,0
4837,ileum,0
4836,knops,0
4835,fosse,0
4834,welsh,0
4833,foots,0
4832,brack,0
4830,unsee,0
4855,byres,0
4829,chert,0
4828,vivre,0
4827,limen,0
4826,pawky,0
4825,merse,0
4824,missy,0
4838,noire,0
4839,firma,0
4840,podgy,0
4841,laird,0
4842,thunk,0
4843,shute,0
4844,rowan,0
4845,shoji,0
4846,poesy,0
4847,uncap,0
4848,fames,0
4849,glees,0
4850,costa,0
4851,turps,0
4852,fores,0
4853,solum,0
4854,imago,0
4751,begat,0
4749,wassa,0
4893,rooty,0
4651,molto,0
4657,bally,0
4656,goopy,0
4655,bronx,0
4654,miked,0
4653,choos,0
4652,dieth,0
4650,flams,0
4659,moony,0
4649,sprue,0
4648,doest,0
4646,parer,0
4645,scurf,0
4644,rheum,0
4643,bueno,0
4658,plumy,0
4660,morts,0
4641,pions,0
4670,groat,0
4676,rimed,0
4675,oncet,0
4674,pappy,0
4673,thrum,0
4672,laude,0
4671,skint,0
4668,dozer,0
4661,yourn,0
4667,spued,0
4666,mucho,0
4665,ambit,0
4664,algal,0
4663,spume,0
4662,bipod,0
4642,modus,0
4640,ovoid,0
4748,rayed,0
4613,thats,0
4619,fusty,0
4618,aphis,0
4617,ohhhh,0
4616,abaca,0
4615,whens,0
4614,yawls,0
4612,teats,0
4621,perdu,0
4611,feist,0
4610,kivas,0
4609,culpa,0
4608,vires,0
4607,crocs,0
4606,dyads,0
4620,eclat,0
4622,mayst,0
4639,forma,0
4632,paras,0
4638,shads,0
4637,molal,0
4636,haute,0
4635,carte,0
4634,secco,0
4633,stoat,0
4631,tagua,0
4623,exeat,0
4630,pukka,0
4628,buffa,0
4627,plasm,0
4626,wetly,0
4625,supra,0
4624,molly,0
4677,gigue,0
4678,limed,0
4679,plein,0
4723,laves,0
4729,bazar,0
4728,largo,0
4727,masse,0
4726,teary,0
4725,yawny,0
4724,purls,0
4722,summa,0
4731,sylph,0
4721,klunk,0
4720,axmen,0
4719,bonne,0
4718,grata,0
4717,didos,0
4716,ouzel,0
4730,pssst,0
4732,lulab,0
4680,redly,0
4741,tyres,0
4747,kerfs,0
4746,didot,0
4745,solon,0
4744,injun,0
4743,corky,0
4742,wheee,0
4740,folky,0
4733,toque,0
4739,whipt,0
4738,cooch,0
4737,lucre,0
4736,ortho,0
4735,plunk,0
4734,fugit,0
4715,kited,0
4714,astro,0
4713,dicot,0
4688,yawps,0
4694,gwine,0
4693,youse,0
4692,tilth,0
4691,areal,0
4690,payed,0
4689,plats,0
4687,pshaw,0
4712,mrads,0
4686,thanx,0
4685,absit,0
4684,grebe,0
4683,seest,0
4682,lites,0
4681,humpf,0
4695,thees,0
4696,watsa,0
4697,lento,0
4698,spitz,0
4699,yawed,0
4700,gipsy,0
4701,sprat,0
4702,cornu,0
4703,amahs,0
4704,blowy,0
4705,wahoo,0
4706,lubra,0
4707,mecum,0
4708,whooo,0
4709,coqui,0
4710,sabra,0
4711,edema,0
4892,poxes,0
4894,licit,0
5179,coven,0
5083,junco,0
5089,rives,0
5088,lupus,0
5087,idyls,0
5086,lazes,0
5085,wilco,0
5084,pubic,0
5082,djinn,0
5091,schmo,0
5081,varia,0
5080,bents,0
5079,sedgy,0
5078,waspy,0
5077,gooky,0
5076,gamer,0
5090,snood,0
5092,spazz,0
5074,coyer,0
5101,shako,0
5107,ajuga,0
5106,raver,0
5105,lobar,0
5104,seeth,0
5103,sebum,0
5102,stets,0
5100,goers,0
5093,finis,0
3563,soupy,0
5098,pipet,0
5097,bates,0
5096,orbed,0
5095,pavan,0
5094,noter,0
5075,honky,0
5073,bumph,0
5038,kepis,0
5047,japan,0
5053,pryer,0
5052,herby,0
5051,oared,0
5050,selfs,0
5049,hafts,0
5048,bedew,0
5046,buret,0
5055,dinks,0
5045,pooey,0
5044,yenta,0
5043,stoae,0
5042,spina,0
5041,wonts,0
5040,eyers,0
5054,oakum,0
5056,titty,0
5072,tacet,0
5065,ousel,0
5071,glads,0
5070,azine,0
5069,shits,0
5068,hames,0
5067,cuppy,0
5066,umiak,0
5064,giber,0
5057,sepoy,0
5063,rille,0
5062,nihil,0
5061,gimps,0
5060,winey,0
5059,fusee,0
5058,penes,0
5108,riced,0
5109,velds,0
5110,dribs,0
5154,abeam,0
5160,trows,0
5159,vined,0
5158,vocab,0
5157,goths,0
5156,asker,0
5155,boson,0
5153,fovea,0
5162,loper,0
5152,unpeg,0
5151,campo,0
5150,umbel,0
5149,pieta,0
5148,firer,0
5147,velar,0
5161,tikis,0
5163,indie,0
5111,ville,0
5172,degas,0
5178,lawny,0
5177,resaw,0
5176,weber,0
5175,beths,0
5174,torsi,0
5173,flics,0
5171,supes,0
5164,boffs,0
5170,lochs,0
5169,kilty,0
5168,ichor,0
5167,tater,0
5166,grapy,0
5165,spang,0
5146,golem,0
5145,monte,0
5144,klugy,0
5119,bauds,0
5125,cuppa,0
5124,jiber,0
5123,caner,0
5122,plebs,0
5121,mimer,0
5120,pffft,0
5118,treys,0
5143,prier,0
5117,jiffs,0
5116,limby,0
5115,krona,0
5114,halma,0
5113,unsew,0
5112,dhows,0
5126,washy,0
5127,chuff,0
5128,unarm,0
5129,yukky,0
5130,styes,0
5131,waker,0
5132,flaks,0
5133,maces,0
5134,rimes,0
5135,gimpy,0
5136,guano,0
5137,liras,0
5138,kapok,0
5139,scuds,0
5140,bwana,0
5141,oring,0
5142,aider,0
5039,taxon,0
5037,fecal,0
4895,terce,0
4939,fulls,0
4945,aargh,0
4944,vower,0
4943,refry,0
4942,acked,0
4941,ligne,0
4940,treap,0
4938,tacts,0
4947,momma,0
4937,jenny,0
4936,liker,0
4935,deque,0
4934,davit,0
4933,brant,0
4932,bodge,0
4946,churl,0
4948,gaols,0
4930,ulnas,0
4957,haler,0
4963,drabs,0
4962,prise,0
4961,unrig,0
4960,poste,0
4959,twiny,0
4958,duces,0
4956,tided,0
4949,whump,0
4955,midis,0
4954,memes,0
4953,grogs,0
4952,tiler,0
4951,marls,0
4950,arras,0
4931,reeky,0
4929,yolky,0
5036,poops,0
4903,softs,0
4909,biome,0
4908,livre,0
4907,aquae,0
4906,agars,0
4905,loppy,0
4904,biffs,0
4902,punky,0
4911,shews,0
4901,bruit,0
4900,saran,0
4899,imbed,0
4898,dweeb,0
4897,hayey,0
4896,bromo,0
4910,bunds,0
4912,diems,0
4928,bunko,0
4921,glebe,0
4927,whoas,0
4926,vapes,0
4925,wifey,0
4924,roids,0
4923,ridgy,0
4922,apers,0
4920,wedgy,0
4913,ginny,0
4919,vitam,0
4918,dungy,0
4917,unman,0
4916,desex,0
4915,polos,0
4914,degum,0
4964,quids,0
4965,facer,0
4966,spier,0
5011,verst,0
5017,braes,0
5016,bilgy,0
5015,shawm,0
5014,uvula,0
5013,gronk,0
5012,expat,0
5010,sager,0
5019,webby,0
5009,krone,0
5008,unhip,0
5007,ioctl,0
5006,ureas,0
5005,muons,0
5004,mungs,0
5018,cento,0
5020,lippy,0
4967,baric,0
5029,carer,0
5035,unapt,0
5034,viers,0
5033,zloty,0
5032,rente,0
5031,greps,0
5030,rater,0
5028,diazo,0
5021,gamic,0
5027,wirer,0
5026,faery,0
5025,shoat,0
5024,tings,0
5023,mazed,0
5022,lordy,0
5003,scudi,0
5002,dodgy,0
5001,withs,0
4975,ovate,0
4982,defog,0
4981,exurb,0
4980,yurts,0
4979,pocks,0
4978,smuts,0
4977,apian,0
4974,airer,0
5000,casas,0
4973,stoma,0
4972,steno,0
4971,gunks,0
4970,trier,0
4969,remap,0
4968,geoid,0
4983,nuder,0
4984,bosky,0
4985,nimbi,0
4986,mothy,0
4987,joyed,0
4988,labia,0
4989,pards,0
4990,jammy,0
4991,bigly,0
4992,faxer,0
4993,hoppy,0
4994,nurbs,0
4995,cotes,0
4996,dishy,0
4997,vised,0
4998,celeb,0
4999,pismo,0
3564,roper,0
2878,heeds,0
3562,gents,0
1876,swiss,0
1884,husks,0
1883,soaps,0
1881,pansy,0
1880,afire,0
1878,opium,0
1877,leapt,0
1871,laces,0
1910,tufts,0
1870,easel,0
1869,combs,0
1868,spurt,0
1867,smoky,0
1866,vanes,0
1865,creak,0
1885,snips,0
1886,hazel,0
1888,cafes,0
1889,naive,0
1891,sized,0
1892,piers,0
1893,beset,0
1898,booty,0
1899,valor,0
1900,downy,0
1901,witty,0
1902,mossy,0
1904,scuba,0
1905,tours,0
1906,polka,0
1907,milky,0
1908,gaudy,0
1863,brine,0
1862,dingy,0
1860,burly,0
1840,idiot,0
1823,pixel,0
1825,mummy,0
1826,hotly,0
1827,auger,0
1828,buddy,0
1829,chaps,0
1830,badge,0
1832,fairs,0
1833,gully,0
1834,mumps,0
1835,emery,0
1836,filly,0
1838,drone,0
1839,gauze,0
1841,fussy,0
1859,infer,0
1842,annoy,0
1843,shank,0
1845,bleed,0
1846,elves,0
1847,roped,0
1848,unfit,0
1849,baggy,0
1850,mower,0
1851,scant,0
1853,fleas,0
1854,lousy,0
1855,album,0
1857,cooky,0
1858,murky,0
1909,shrug,0
1911,wilds,0
1608,beech,0
1964,voter,0
1973,maize,0
1972,hiked,0
1970,gaped,0
1967,slump,0
1966,manly,0
1965,poses,0
1963,cramp,0
1912,laser,0
1962,olden,0
1961,poker,0
1960,erupt,0
1959,bangs,0
1958,caked,0
1957,fiend,0
1974,fluff,0
1976,sloop,0
1977,prowl,0
1978,roach,0
1979,cocks,0
1981,dials,0
1982,plume,0
1984,soups,0
1985,dully,0
1988,solos,0
1989,skier,0
1990,eaves,0
1991,totem,0
1992,fused,0
1993,latex,0
1996,mains,0
1998,racks,0
1955,knack,0
1953,howls,0
1952,menus,0
1929,niche,0
1913,truss,0
1914,hares,0
1915,creed,0
1916,lilac,0
1917,siren,0
1918,tarry,0
1920,swine,0
1921,muted,0
1922,flips,0
1923,cures,0
1924,sinew,0
1926,hoops,0
1927,gasps,0
1928,hoods,0
1930,yucca,0
1951,sunup,0
1932,sewer,0
1933,whack,0
1934,fuses,0
1935,gowns,0
1936,droop,0
1937,bucks,0
1938,pangs,0
1939,mails,0
1940,whisk,0
1942,clasp,0
1944,stint,0
1946,champ,0
1949,pleat,0
1950,posse,0
1819,baron,0
1818,mirth,0
1817,wasps,0
1672,crook,0
1684,icing,0
1683,pelts,0
1682,squid,0
1675,risky,0
1674,epoch,0
1673,poise,0
1671,fauna,0
1816,latch,0
1670,pores,0
1669,dummy,0
1668,caste,0
1666,sakes,0
1665,panes,0
1663,towed,0
1685,irony,0
1686,irons,0
1687,barks,0
1688,whoop,0
1690,diets,0
1692,tally,0
1693,dozed,0
1694,twine,0
1695,kites,0
1696,bikes,0
1697,ticks,0
1701,looms,0
1704,dandy,0
1705,pupae,0
1707,spike,0
1708,ducts,0
1710,pizza,0
1662,squat,0
1661,bunks,0
1659,tapes,0
1630,fuzzy,0
1611,inert,0
1612,gears,0
1613,chick,0
1614,hinge,0
1615,trash,0
1616,clash,0
1617,sighs,0
1619,bough,0
1621,slows,0
1622,quill,0
1624,spore,0
1625,sixes,0
1626,chunk,0
1629,braid,0
1631,motto,0
1658,stair,0
1633,slack,0
1634,mucus,0
1635,magma,0
1637,discs,0
1639,posed,0
1640,asset,0
1641,cider,0
1642,taper,0
1645,satin,0
1646,slots,0
1649,sloth,0
1650,shale,0
1654,manor,0
1655,aisle,0
1711,brink,0
1715,feats,0
1716,bison,0
1795,plaid,0
1776,merge,0
1777,doses,0
1778,showy,0
1779,daddy,0
1781,vases,0
1783,petty,0
1784,colds,0
1785,curry,0
1787,genie,0
1789,messy,0
1790,cores,0
1792,ripen,0
1793,whine,0
1794,amino,0
1796,spiny,0
1773,nicer,0
1798,baton,0
1799,peers,0
1801,pious,0
1802,swans,0
1804,afoot,0
1805,plugs,0
1806,idiom,0
1807,chili,0
1809,serfs,0
1810,cleft,0
1811,berth,0
1812,grubs,0
1813,annex,0
1814,dizzy,0
1774,undue,0
1772,brute,0
1717,soggy,0
1746,inlet,0
1719,argon,0
1720,nudge,0
1723,sexes,0
1725,salts,0
1730,chute,0
1731,snort,0
1732,gusts,0
1733,melon,0
1736,llama,0
1737,lasso,0
1738,debut,0
1742,mixes,0
1744,dives,0
1745,stale,0
1747,flick,0
1771,affix,0
1748,pinto,0
1749,brows,0
1753,chore,0
1755,blush,0
1756,onset,0
1758,volts,0
1759,beige,0
1761,paddy,0
1762,laced,0
1763,shove,0
1764,jerky,0
1765,poppy,0
1767,fares,0
1770,squaw,0
1999,galls,0
2001,bouts,0
2002,sisal,0
2234,bitch,0
2245,dazed,0
2243,isles,0
2242,flail,0
2240,lobes,0
2237,coded,0
2235,scowl,0
2232,dowel,0
2184,tilts,0
2230,goody,0
2229,igloo,0
2228,cinch,0
2227,arbor,0
2226,jiffy,0
2225,slats,0
2246,adept,0
2247,oozed,0
2249,clays,0
2250,warts,0
2251,ketch,0
2252,skunk,0
2253,manes,0
2256,mango,0
2257,fiord,0
2258,flora,0
2259,roomy,0
2260,minks,0
2261,thaws,0
2262,watts,0
2263,freer,0
2265,plush,0
2266,paled,0
2224,clogs,0
2223,hulls,0
2222,maxim,0
2202,lithe,0
2186,stomp,0
2187,gales,0
2190,mesas,0
2191,omits,0
2192,tepee,0
2193,harry,0
2194,wring,0
2195,evoke,0
2196,limes,0
2197,cluck,0
2198,lunge,0
2199,highs,0
2200,canes,0
2201,giddy,0
2204,khaki,0
2221,whiff,0
2205,queue,0
2206,loath,0
2207,foyer,0
2209,fared,0
2210,deter,0
2211,crumb,0
2212,astir,0
2213,spire,0
2214,jumpy,0
2215,extol,0
2216,buoys,0
2218,lucid,0
2219,thong,0
2220,afore,0
2267,twain,0
2268,clink,0
2269,scamp,0
2327,bloat,0
2309,cheep,0
2311,evade,0
2313,freak,0
2314,vogue,0
2316,slams,0
2317,knits,0
2318,dumpy,0
2319,mania,0
2321,firth,0
2322,hikes,0
2323,trots,0
2324,nosed,0
2325,clank,0
2326,dogma,0
2328,balsa,0
2307,tangy,0
2330,middy,0
2331,stile,0
2332,keyed,0
2333,finch,0
2334,sperm,0
2336,wiles,0
2337,amigo,0
2338,copra,0
2339,amiss,0
2340,eying,0
2341,twirl,0
2342,lurch,0
2343,popes,0
2344,chins,0
2308,wryly,0
2306,larks,0
2270,pawed,0
2288,nines,0
2272,bravo,0
2273,gable,0
2275,sever,0
2276,waned,0
2277,rarer,0
2278,regal,0
2279,wards,0
2281,babes,0
2282,unify,0
2283,amend,0
2284,oaken,0
2285,glade,0
2286,visor,0
2287,hefty,0
2289,throb,0
2305,aorta,0
2290,pecan,0
2291,butts,0
2292,pence,0
2293,sills,0
2294,jails,0
2295,flyer,0
2296,saber,0
2298,miter,0
2299,beeps,0
2300,domed,0
2301,gulfs,0
2302,curbs,0
2303,heath,0
2304,moors,0
2185,pecks,0
2183,stave,0
2004,hoses,0
2059,slyly,0
2065,homer,0
2064,aspen,0
2063,slugs,0
2062,donor,0
2061,grunt,0
2060,studs,0
2058,broil,0
2182,hauls,0
2056,spade,0
2055,clang,0
2054,sheen,0
2053,domes,0
2052,wager,0
2051,autos,0
2066,croak,0
2067,tithe,0
2068,halts,0
2071,hogan,0
2072,glint,0
2074,jeeps,0
2075,flaky,0
2076,ladle,0
2078,snore,0
2080,props,0
2082,pesos,0
2083,radii,0
2084,pokes,0
2085,tiled,0
2086,daisy,0
2088,villa,0
2089,farce,0
2050,vexed,0
2049,tawny,0
2048,lapse,0
2026,gangs,0
2005,dryly,0
2006,hover,0
2007,gloss,0
2008,seeps,0
2009,denim,0
2010,putty,0
2011,guppy,0
2012,leaky,0
2013,dusky,0
2015,oboes,0
2016,spans,0
2017,fowls,0
2022,obeys,0
2025,smelt,0
2027,aches,0
2045,loser,0
2028,trawl,0
2030,undid,0
2031,spicy,0
2032,hoist,0
2034,vicar,0
2035,acorn,0
2036,pussy,0
2037,gruff,0
2038,musty,0
2039,tarts,0
2041,hunch,0
2042,truce,0
2043,tweed,0
2044,dryer,0
2091,cites,0
2092,fixes,0
2093,jerks,0
2156,burrs,0
2139,bossy,0
2140,monks,0
2142,caged,0
2143,twang,0
2144,diner,0
2145,taped,0
2146,cadet,0
2147,grids,0
2148,spawn,0
2149,guile,0
2151,mores,0
2152,girth,0
2153,slimy,0
2155,spasm,0
2157,alibi,0
2137,ulcer,0
2158,lymph,0
2159,saucy,0
2160,muggy,0
2161,liter,0
2162,joked,0
2163,goofy,0
2164,exams,0
2168,toxic,0
2170,nears,0
2175,moody,0
2176,alder,0
2177,sassy,0
2178,flair,0
2181,wrens,0
2138,soapy,0
2136,drawl,0
2094,livid,0
2115,mince,0
2095,waked,0
2096,inked,0
2097,booms,0
2099,licks,0
2102,lusty,0
2103,sonic,0
2104,smith,0
2105,usher,0
2106,tucks,0
2108,molts,0
2109,sects,0
2110,spars,0
2111,dumps,0
2113,wisps,0
2116,panda,0
2135,aptly,0
2117,flier,0
2119,plied,0
2120,booby,0
2121,patio,0
2123,petal,0
2124,polyp,0
2125,tints,0
2127,troll,0
2129,relic,0
2130,phony,0
2131,bleat,0
2132,flaws,0
2133,flake,0
2134,snags,0
1609,timed,0
1607,gravy,0
3561,yummy,0
903,films,0
921,tonal,0
920,votes,0
918,pants,0
912,hobby,0
906,firms,0
904,tunes,0
902,minus,0
976,brand,0
899,urban,0
898,socks,0
895,spray,0
894,steer,0
892,vivid,0
891,spark,0
922,radar,0
928,dolls,0
929,voted,0
933,scent,0
935,fairy,0
937,bends,0
938,prism,0
940,cable,0
941,peach,0
944,schwa,0
948,draft,0
951,brake,0
953,cubes,0
956,fetch,0
963,naval,0
964,purse,0
967,toast,0
888,macro,0
885,jumps,0
884,puppy,0
835,jelly,0
779,shots,0
780,merry,0
781,phone,0
787,creek,0
792,mayor,0
794,input,0
797,cubic,0
801,apron,0
806,paste,0
811,slant,0
825,comma,0
827,spoon,0
829,crept,0
830,maple,0
838,dusty,0
880,seams,0
840,tempo,0
841,humor,0
846,roses,0
849,cheap,0
852,geese,0
857,salad,0
860,shark,0
864,polar,0
865,fungi,0
869,jokes,0
870,veins,0
875,diver,0
876,phase,0
877,toads,0
968,soils,0
978,robot,0
1606,heave,0
1078,mined,0
1095,safer,0
1093,gills,0
1091,robin,0
1089,react,0
1085,rusty,0
1079,attic,0
1076,meats,0
980,hoofs,0
1075,moths,0
1072,elbow,0
1070,pulse,0
1069,lunar,0
1068,nylon,0
1065,links,0
1096,polio,0
1101,vague,0
1106,virus,0
1108,acute,0
1109,windy,0
1110,stout,0
1113,hilly,0
1118,dunes,0
1119,burro,0
1120,hawks,0
1121,trout,0
1123,scarf,0
1124,halls,0
1129,buggy,0
1130,pumps,0
1132,spins,0
1133,files,0
1062,reins,0
1061,award,0
1060,punch,0
1021,gross,0
981,buses,0
990,fiber,0
991,roofs,0
996,algae,0
998,lemon,0
1002,chill,0
1006,tuned,0
1007,crisp,0
1009,dived,0
1010,swamp,0
1014,yarns,0
1016,gauge,0
1018,stool,0
1019,gulls,0
1022,diary,0
1059,cocoa,0
1023,rails,0
1025,trend,0
1028,fried,0
1030,actor,0
1031,handy,0
1034,scope,0
1036,knots,0
1038,essay,0
1039,thump,0
1041,bliss,0
1044,bombs,0
1045,clown,0
1047,cones,0
1052,acids,0
775,queer,0
773,witch,0
766,bacon,0
446,lakes,0
471,orbit,0
461,motor,0
460,likes,0
455,ranch,0
453,shell,0
449,candy,0
434,whale,0
765,vocal,0
424,gases,0
423,globe,0
421,tones,0
416,blank,0
414,costs,0
405,dozen,0
474,curve,0
476,tight,0
486,hence,0
494,rhyme,0
500,trick,0
502,sizes,0
507,lungs,0
514,cards,0
516,opera,0
520,beats,0
523,wires,0
524,meter,0
530,poems,0
531,label,0
533,solar,0
535,tense,0
540,hotel,0
401,chord,0
382,trail,0
375,funny,0
270,farms,0
39,shall,0
91,vowel,0
115,color,0
167,speed,0
173,cells,0
177,pages,0
199,guess,0
204,radio,0
217,waxes,0
225,brown,0
228,sugar,0
229,facts,0
230,steel,0
254,stage,0
272,shoes,0
372,brain,0
276,cents,0
284,score,0
306,truck,0
307,piano,0
313,cabin,0
328,boxes,0
336,chart,0
337,scene,0
338,graph,0
346,games,0
349,topic,0
361,steam,0
362,atoms,0
366,clock,0
541,stems,0
544,grade,0
545,digit,0
716,sunny,0
672,moist,0
678,sixty,0
681,sport,0
682,drums,0
685,dates,0
688,lever,0
691,drugs,0
692,tanks,0
699,clues,0
700,novel,0
707,token,0
708,coats,0
710,shiny,0
712,dimes,0
722,bills,0
660,beads,0
724,suits,0
725,smart,0
728,sandy,0
731,sadly,0
732,fancy,0
737,crash,0
747,tides,0
748,admit,0
749,shift,0
750,sails,0
752,tiger,0
756,drama,0
760,vital,0
764,screw,0
667,nerve,0
652,dairy,0
547,boots,0
591,waxed,0
549,sales,0
551,lucky,0
554,tubes,0
555,acres,0
558,slide,0
565,mines,0
570,goose,0
572,fewer,0
574,mills,0
576,joint,0
582,index,0
585,balls,0
587,rates,0
588,drill,0
594,ratio,0
651,ducks,0
599,hello,0
600,trips,0
602,rifle,0
611,shops,0
612,cycle,0
613,movie,0
615,canoe,0
617,folks,0
628,shelf,0
630,midst,0
633,tales,0
634,coach,0
635,stiff,0
649,germs,0
1134,oxide,0
1136,photo,0
1138,flats,0
1464,aunts,0
1474,niece,0
1473,wired,0
1472,gaunt,0
1470,frank,0
1468,corps,0
1467,tonic,0
1463,sonar,0
1392,tease,0
1462,bevel,0
1461,saint,0
1460,civic,0
1456,quack,0
1455,ovary,0
1454,edged,0
1475,cello,0
1477,chuck,0
1478,stony,0
1481,hurts,0
1483,husky,0
1484,dated,0
1493,oasis,0
1495,spurs,0
1497,sneak,0
1498,paces,0
1499,colon,0
1501,strum,0
1502,drier,0
1503,cacao,0
1504,humus,0
1505,bales,0
1506,piped,0
1451,aloft,0
1447,puffs,0
1446,lyric,0
1418,clips,0
1396,stunt,0
1402,notch,0
1404,otter,0
1405,pears,0
1406,flush,0
1407,genus,0
1408,ached,0
1409,fives,0
1410,flaps,0
1411,spout,0
1412,smote,0
1413,fumes,0
1414,adapt,0
1415,cuffs,0
1419,disks,0
1445,slums,0
1420,sniff,0
1422,brisk,0
1423,imply,0
1425,super,0
1426,furry,0
1430,hardy,0
1431,stung,0
1432,typed,0
1436,serum,0
1437,beaks,0
1438,rotor,0
1440,baths,0
1441,glide,0
1443,trait,0
1507,nasty,0
1508,rinse,0
1509,boxer,0
1582,nasal,0
1564,sleet,0
1565,holly,0
1566,pests,0
1568,grill,0
1569,trays,0
1570,pails,0
1572,tenor,0
1573,wares,0
1574,carol,0
1575,woody,0
1576,canon,0
1578,kitty,0
1580,polls,0
1581,shaky,0
1584,chess,0
1561,misty,0
1585,taxis,0
1586,crate,0
1587,shyly,0
1588,tulip,0
1590,nymph,0
1594,depot,0
1595,oases,0
1596,asses,0
1598,fudge,0
1599,pills,0
1600,rivet,0
1601,thine,0
1603,lanky,0
1604,boost,0
1563,knobs,0
1559,skips,0
1511,amuse,0
1535,bushy,0
1512,tacks,0
1513,cited,0
1515,delta,0
1516,laden,0
1517,larva,0
1518,rents,0
1519,yells,0
1520,spool,0
1526,kicks,0
1528,slits,0
1529,rated,0
1530,eerie,0
1532,plums,0
1533,zebra,0
1536,scary,0
1558,slate,0
1537,squad,0
1538,tutor,0
1539,silks,0
1540,slabs,0
1541,bumps,0
1545,peril,0
1546,pivot,0
1547,yacht,0
1548,lobby,0
1549,jeans,0
1550,grins,0
1551,viola,0
1552,liner,0
1553,comet,0
1394,bulky,0
1391,banjo,0
1139,syrup,0
1219,wines,0
1228,blues,0
1227,barge,0
1226,clamp,0
1223,motel,0
1222,newer,0
1221,valve,0
1218,fists,0
1390,glued,0
1217,chips,0
1215,creep,0
1213,anode,0
1211,beets,0
1210,pedal,0
1209,locks,0
1229,alien,0
1230,frown,0
1234,gonna,0
1237,ferry,0
1240,juicy,0
1241,glare,0
1243,alloy,0
1244,bulbs,0
1245,lawns,0
1247,fuels,0
1248,oddly,0
1250,filed,0
1251,weird,0
1253,slips,0
1256,suite,0
1258,quilt,0
1259,tramp,0
1207,cages,0
1205,jolly,0
1204,curls,0
1165,crest,0
1140,rodeo,0
1141,sands,0
1142,moose,0
1143,pints,0
1144,curly,0
1145,comic,0
1147,onion,0
1148,clams,0
1149,scrap,0
1150,didst,0
1152,codes,0
1157,gypsy,0
1160,zones,0
1162,alley,0
1169,erect,0
1198,wharf,0
1170,bugle,0
1171,medal,0
1174,snail,0
1175,alter,0
1177,relay,0
1179,zeros,0
1181,modes,0
1184,glove,0
1185,rayon,0
1186,swims,0
1187,poked,0
1191,lumps,0
1195,docks,0
1196,masts,0
1261,atlas,0
1262,odors,0
1263,scrub,0
1362,colts,0
1335,waltz,0
1336,heats,0
1338,users,0
1340,click,0
1341,madam,0
1342,bleak,0
1343,blunt,0
1346,masks,0
1347,waded,0
1348,risks,0
1355,steak,0
1357,merit,0
1358,bluff,0
1361,bonus,0
1364,gland,0
1327,forts,0
1365,silky,0
1366,skate,0
1367,birch,0
1369,sleds,0
1371,maids,0
1375,hints,0
1376,drown,0
1377,bosom,0
1378,slick,0
1379,quest,0
1380,coils,0
1383,stead,0
1384,snack,0
1386,blond,0
1330,pinch,0
1324,cough,0
1264,crabs,0
1300,ferns,0
1265,probe,0
1266,logic,0
1267,adobe,0
1272,spine,0
1274,desks,0
1283,moods,0
1284,humid,0
1285,finer,0
1288,china,0
1294,lathe,0
1295,gaily,0
1296,fonts,0
1297,scalp,0
1299,foggy,0
1301,grams,0
1323,frail,0
1302,clump,0
1303,perch,0
1305,teens,0
1306,crank,0
1307,fable,0
1309,genes,0
1310,sober,0
1313,cigar,0
1315,owing,0
1317,haiku,0
1318,swish,0
1319,dikes,0
1320,wedge,0
1322,eased,0
2345,smock,0
2346,tines,0
2347,guise,0
3164,mires,0
3170,fiefs,0
3169,neons,0
3168,acnes,0
3167,arced,0
3166,loafs,0
3165,flues,0
3163,golfs,0
3189,clued,0
3162,slyer,0
3161,huger,0
3160,pooch,0
3159,gushy,0
3158,leach,0
3157,flays,0
3171,dints,0
3172,dazes,0
3173,pouts,0
3174,cored,0
3175,yules,0
3176,lilts,0
3177,beefs,0
3178,mutts,0
3179,fells,0
3180,cowls,0
3181,spuds,0
3182,lames,0
3183,jawed,0
3184,dupes,0
3185,deads,0
3186,bylaw,0
3187,noons,0
3156,kales,0
3155,bigot,0
3154,dally,0
3137,caned,0
3123,floss,0
3124,flogs,0
3125,scums,0
3126,dopes,0
3127,bogie,0
3128,pinky,0
3129,leafs,0
3130,tubas,0
3131,scads,0
3132,lowed,0
3133,yeses,0
3134,biked,0
3135,qualm,0
3136,evens,0
3138,gawks,0
3153,pares,0
3139,whits,0
3140,wooly,0
3141,gluts,0
3142,romps,0
3143,bests,0
3144,dunce,0
3145,crony,0
3146,joist,0
3147,tunas,0
3148,boner,0
3149,malls,0
3150,parch,0
3151,avers,0
3152,crams,0
3188,nifty,0
3190,vireo,0
2348,grits,0
3234,gulch,0
3240,garbs,0
3239,teals,0
3238,brans,0
3237,lints,0
3236,hobos,0
3235,suets,0
3233,biers,0
3191,gapes,0
3232,pucks,0
3230,waifs,0
3229,pixie,0
3228,ruder,0
3227,doffs,0
3226,cress,0
3241,pewee,0
3242,helms,0
3243,turfs,0
3244,quips,0
3245,wends,0
3246,banes,0
3247,napes,0
3248,icier,0
3249,swats,0
3250,bagel,0
3251,hexed,0
3252,ogres,0
3253,goner,0
3254,gilds,0
3255,pyres,0
3256,lards,0
3257,bides,0
3225,hosed,0
3224,mulls,0
3223,hefts,0
3206,dices,0
3192,metes,0
3193,cuter,0
3194,maims,0
3195,droll,0
3196,cupid,0
3197,mauls,0
3198,sedge,0
3199,papas,0
3200,wheys,0
3201,eking,0
3202,loots,0
3203,hilts,0
3204,meows,0
3205,beaus,0
3207,peppy,0
3222,blimp,0
3208,riper,0
3209,fogey,0
3210,gists,0
3211,yogas,0
3212,gilts,0
3213,skews,0
3214,cedes,0
3215,zeals,0
3216,alums,0
3217,okays,0
3218,elope,0
3219,grump,0
3220,wafts,0
3221,soots,0
3122,diked,0
3121,prude,0
3120,lolls,0
3022,idles,0
3030,girds,0
3029,culls,0
3028,deign,0
3027,copes,0
3026,remit,0
3023,routs,0
3021,unbar,0
3119,sorer,0
3020,stows,0
3019,honks,0
3017,buxom,0
3016,hunks,0
3015,prank,0
3014,daunt,0
3031,haves,0
3032,lucks,0
3033,stunk,0
3034,dodos,0
3035,shams,0
3036,snubs,0
3037,icons,0
3038,usurp,0
3039,dooms,0
3040,hells,0
3041,soled,0
3042,comas,0
3043,paves,0
3044,maths,0
3045,perks,0
3046,limps,0
3048,blurb,0
3013,gumbo,0
3012,damns,0
3011,baits,0
2994,abler,0
2979,malts,0
2980,chafe,0
2982,toyed,0
2983,chefs,0
2984,keels,0
2985,sties,0
2986,racer,0
2987,etude,0
2988,sucks,0
2989,sulks,0
2990,micas,0
2991,czars,0
2992,copse,0
2993,ailed,0
2995,rabid,0
3010,poach,0
2996,golds,0
2997,croup,0
2998,snaky,0
2999,visas,0
3000,palls,0
3001,mopes,0
3002,boned,0
3003,wispy,0
3004,raved,0
3005,swaps,0
3006,junky,0
3007,doily,0
3008,pawns,0
3009,tamer,0
3049,daubs,0
3050,cokes,0
3051,sours,0
3103,zests,0
3088,swill,0
3089,hexes,0
3090,colic,0
3092,hurls,0
3093,yowls,0
3094,ivies,0
3095,plops,0
3096,musks,0
3097,papaw,0
3098,jells,0
3099,bused,0
3100,cruet,0
3101,bided,0
3102,filch,0
3104,rooks,0
3086,rears,0
3105,laxly,0
3106,rends,0
3107,loams,0
3108,basks,0
3109,sires,0
3110,carps,0
3111,pokey,0
3112,flits,0
3113,muses,0
3114,bawls,0
3115,shuck,0
3116,viler,0
3117,lisps,0
3118,peeps,0
3087,satyr,0
3084,adzes,0
3052,stuns,0
3067,tills,0
3053,cased,0
3054,musts,0
3055,coeds,0
3056,cowed,0
3057,aping,0
3058,zoned,0
3059,rummy,0
3060,fetes,0
3061,skulk,0
3062,quaff,0
3063,rajah,0
3064,deans,0
3065,reaps,0
3066,galas,0
3068,roved,0
3083,rakes,0
3069,kudos,0
3070,toned,0
3071,pared,0
3072,scull,0
3073,vexes,0
3074,punts,0
3075,snoop,0
3076,bails,0
3077,dames,0
3078,hazes,0
3079,lores,0
3080,marts,0
3081,voids,0
3082,ameba,0
3258,paged,0
3259,talon,0
3260,flout,0
3459,sally,0
3466,bower,0
3465,jingo,0
3464,tilde,0
3463,saver,0
3462,farad,0
3460,shied,0
3458,tummy,0
3412,quipu,0
3456,heady,0
3455,ionic,0
3454,saith,0
3453,whirr,0
3452,winch,0
3451,trams,0
3467,serif,0
3468,facto,0
3469,belle,0
3470,inset,0
3471,bogus,0
3472,caved,0
3473,forte,0
3474,sooty,0
3475,bongo,0
3476,toves,0
3477,credo,0
3478,basal,0
3479,yella,0
3480,aglow,0
3482,gusto,0
3483,hymen,0
3484,ethos,0
3450,lemma,0
3449,piney,0
3448,seine,0
3429,reset,0
3415,unwed,0
3416,vodka,0
3417,ferny,0
3418,salon,0
3419,duple,0
3420,boron,0
3421,revue,0
3422,crier,0
3423,alack,0
3424,inter,0
3425,dilly,0
3426,whist,0
3427,cults,0
3428,spake,0
3430,loess,0
3447,coons,0
3431,decor,0
3432,mover,0
3433,verve,0
3434,ethic,0
3435,gamut,0
3436,lingo,0
3437,dunno,0
3438,align,0
3439,sissy,0
3441,reedy,0
3442,avant,0
3443,piper,0
3444,waxer,0
3446,basil,0
3485,terra,0
3486,brash,0
3487,scrip,0
3544,aleck,0
3529,matey,0
3530,hertz,0
3531,xylem,0
3532,kiosk,0
3533,apace,0
3534,cawed,0
3536,wench,0
3537,cohos,0
3538,sorta,0
3539,gamba,0
3540,bytes,0
3541,tango,0
3542,nutty,0
3543,axial,0
3546,clomp,0
3527,salvo,0
3547,gored,0
3548,siree,0
3549,bandy,0
3550,gunny,0
3551,runic,0
3552,whizz,0
3553,rupee,0
3554,fated,0
3555,wiper,0
3556,bards,0
3557,briny,0
3558,staid,0
3559,hocks,0
3560,ochre,0
3528,diode,0
3525,clunk,0
3488,swash,0
3504,sabre,0
3489,aleph,0
3490,tinny,0
3491,itchy,0
3492,wanta,0
3493,trice,0
3494,jowls,0
3495,gongs,0
3496,garde,0
3497,boric,0
3498,twill,0
3500,henry,0
3501,awash,0
3502,libel,0
3503,spurn,0
3505,rebut,0
3524,quint,0
3506,penal,0
3507,obese,0
3508,sonny,0
3509,quirt,0
3510,mebbe,0
3511,tacit,0
3513,xenon,0
3514,hullo,0
3515,pique,0
3516,roger,0
3517,negro,0
3518,hadst,0
3520,beget,0
3523,louis,0
3413,codex,0
3410,lolly,0
3261,medic,0
3304,goons,0
3310,judos,0
3309,drake,0
3308,geode,0
3307,vends,0
3306,ruses,0
3305,wicks,0
3303,razes,0
3409,foamy,0
3302,bunts,0
3301,meany,0
3300,newts,0
3299,togas,0
3298,dills,0
3297,purrs,0
3311,lofts,0
3312,pulps,0
3313,lauds,0
3314,mucks,0
3315,vises,0
3316,mocha,0
3317,oiled,0
3319,ethyl,0
3320,gotta,0
3321,fugue,0
3322,smack,0
3323,gourd,0
3324,bumpy,0
3325,radix,0
3327,borax,0
3328,cubit,0
3329,cacti,0
3296,weans,0
3294,lamer,0
3293,slues,0
3276,swabs,0
3262,veals,0
3263,putts,0
3264,dirks,0
3265,dotes,0
3266,tippy,0
3267,blurt,0
3268,piths,0
3269,acing,0
3270,barer,0
3271,whets,0
3272,gaits,0
3273,wools,0
3274,dunks,0
3275,heros,0
3277,dirts,0
3292,warps,0
3278,jutes,0
3279,hemps,0
3280,surfs,0
3281,okapi,0
3282,chows,0
3283,shoos,0
3284,dusks,0
3285,parry,0
3286,decal,0
3287,furls,0
3288,cilia,0
3289,sears,0
3290,novae,0
3291,murks,0
3330,gamma,0
3331,focal,0
3333,papal,0
3393,timer,0
3376,fella,0
3377,mould,0
3378,crepe,0
3379,kerns,0
3380,aloha,0
3381,glyph,0
3382,azure,0
3383,riser,0
3384,blest,0
3385,locus,0
3386,lumpy,0
3388,wanna,0
3390,tuner,0
3392,mural,0
3394,canst,0
3374,motif,0
3395,krill,0
3396,quoth,0
3397,lemme,0
3398,triad,0
3399,tenon,0
3400,amply,0
3401,deeps,0
3402,padre,0
3403,leant,0
3404,pacer,0
3405,octal,0
3406,dolly,0
3407,trans,0
3408,sumac,0
3375,humph,0
3373,beady,0
3334,golly,0
3350,knoll,0
3336,versa,0
3337,billy,0
3338,adieu,0
3339,annum,0
3340,howdy,0
3341,rhino,0
3342,norms,0
3343,bobby,0
3344,axiom,0
3345,setup,0
3346,yolks,0
3347,terns,0
3348,mixer,0
3349,genre,0
3352,junta,0
3372,downs,0
3354,combo,0
3356,overt,0
3357,kinda,0
3359,prick,0
3360,nobly,0
3362,audio,0
3363,modal,0
3364,veldt,0
3365,warty,0
3366,fluke,0
3367,bonny,0
3368,bream,0
3369,rosin,0
3370,bolls,0
2978,plait,0
2977,prows,0
2976,idled,0
2567,quays,0
2575,grimy,0
2574,briar,0
2573,tardy,0
2571,duets,0
2570,clove,0
2569,proxy,0
2566,koala,0
2520,clots,0
2565,savor,0
2564,impel,0
2563,taffy,0
2559,meted,0
2557,altos,0
2556,video,0
2576,ultra,0
2577,meaty,0
2578,halve,0
2580,suede,0
2581,mauve,0
2582,envoy,0
2583,arson,0
2584,coves,0
2585,gooey,0
2586,brews,0
2587,sofas,0
2588,chums,0
2589,amaze,0
2590,zooms,0
2591,abbot,0
2592,halos,0
2593,scour,0
2555,allay,0
2554,yanks,0
2553,chide,0
2536,tepid,0
2522,booed,0
2523,filmy,0
2524,juror,0
2525,dents,0
2526,gummy,0
2527,grays,0
2528,hooky,0
2529,butte,0
2530,dogie,0
2531,poled,0
2532,reams,0
2533,fifes,0
2534,spank,0
2535,gayer,0
2537,spook,0
2552,brags,0
2538,taint,0
2539,flirt,0
2540,rogue,0
2541,spiky,0
2542,opals,0
2543,miser,0
2544,cocky,0
2545,coyly,0
2546,balmy,0
2547,slosh,0
2548,brawl,0
2549,aphid,0
2550,faked,0
2551,hydra,0
2594,suing,0
2595,cribs,0
2596,sagas,0
2656,palsy,0
2642,tuber,0
2643,tinge,0
2644,fates,0
2645,ditty,0
2646,thins,0
2647,frets,0
2648,eider,0
2649,bayou,0
2650,mulch,0
2651,fasts,0
2652,amass,0
2653,damps,0
2654,morns,0
2655,friar,0
2657,vista,0
2640,skims,0
2658,croon,0
2659,conch,0
2660,udder,0
2661,tacos,0
2662,skits,0
2663,mikes,0
2664,quits,0
2665,preen,0
2666,aster,0
2667,adder,0
2668,elegy,0
2669,pulpy,0
2670,scows,0
2671,baled,0
2641,brunt,0
2639,mated,0
2597,enema,0
2614,blots,0
2598,wordy,0
2600,coupe,0
2601,molar,0
2602,flops,0
2604,mints,0
2605,ashen,0
2606,felts,0
2607,askew,0
2608,munch,0
2609,mewed,0
2610,divan,0
2611,vices,0
2612,jumbo,0
2613,blobs,0
2615,spunk,0
2638,nicks,0
2616,acrid,0
2618,cubed,0
2621,slurs,0
2622,gnaws,0
2625,emits,0
2627,pumas,0
2628,mends,0
2629,darks,0
2630,dukes,0
2631,plies,0
2632,canny,0
2633,hoots,0
2636,fouls,0
2637,clefs,0
2521,shrew,0
2519,winks,0
2673,lavas,0
2405,rover,0
2411,waken,0
2410,vents,0
2409,abbey,0
2408,carat,0
2407,pygmy,0
2406,endow,0
2404,gayly,0
2518,chugs,0
2403,spilt,0
2402,beret,0
2401,pleas,0
2399,ovals,0
2398,taboo,0
2397,decoy,0
2412,chimp,0
2413,fumed,0
2414,sodas,0
2415,vinyl,0
2416,clout,0
2417,wades,0
2418,mites,0
2419,smirk,0
2420,bores,0
2421,bunny,0
2422,surly,0
2423,frock,0
2424,foray,0
2425,purer,0
2426,milks,0
2427,query,0
2428,mired,0
2393,cater,0
2392,soars,0
2391,slink,0
2367,corny,0
2349,junks,0
2350,shoal,0
2351,cache,0
2352,tapir,0
2353,atoll,0
2354,deity,0
2355,toils,0
2356,spree,0
2358,scans,0
2362,hoary,0
2363,reels,0
2364,scuff,0
2365,mimic,0
2366,weedy,0
2368,truer,0
2390,leper,0
2369,rouge,0
2371,floes,0
2375,sulky,0
2377,groin,0
2378,baste,0
2379,kinks,0
2380,surer,0
2381,piggy,0
2382,moldy,0
2383,franc,0
2385,inept,0
2386,gusty,0
2387,facet,0
2388,jetty,0
2429,blare,0
2430,froth,0
2431,gruel,0
2501,gawky,0
2481,thyme,0
2482,valet,0
2483,tommy,0
2485,epics,0
2486,trill,0
2487,pikes,0
2488,ozone,0
2490,chime,0
2492,famed,0
2494,smite,0
2496,erode,0
2498,hoard,0
2499,salve,0
2500,conic,0
2502,craze,0
2479,rungs,0
2503,jacks,0
2505,mushy,0
2506,rumps,0
2507,fetus,0
2508,wince,0
2509,pinks,0
2510,shalt,0
2511,toots,0
2512,glens,0
2513,cooed,0
2514,rusts,0
2515,stews,0
2516,shred,0
2517,parka,0
2480,hutch,0
2478,lurid,0
2433,paler,0
2454,ardor,0
2434,puffy,0
2435,casks,0
2436,grime,0
2437,derby,0
2438,mamma,0
2439,gavel,0
2440,teddy,0
2445,wield,0
2447,louse,0
2448,erred,0
2449,hewed,0
2451,wrest,0
2452,waxen,0
2453,adage,0
2455,stabs,0
2476,glues,0
2456,pored,0
2457,rondo,0
2458,loped,0
2459,fishy,0
2462,foals,0
2464,jambs,0
2465,thuds,0
2468,quirk,0
2469,rugby,0
2470,expel,0
2471,greys,0
2472,rigor,0
2473,ester,0
2475,aback,0
2672,hovel,0
2675,optic,0
2975,foxed,0
2879,duels,0
2885,whelp,0
2884,jaunt,0
2883,lapel,0
2882,gauss,0
2881,ruffs,0
2880,wanly,0
2877,talcs,0
2832,wreak,0
2876,abate,0
2875,fitly,0
2874,kilns,0
2873,punks,0
2872,covey,0
2871,refit,0
2886,cleat,0
2887,gauzy,0
2889,edits,0
2890,wormy,0
2891,moats,0
2892,smear,0
2893,prods,0
2894,bowel,0
2895,frisk,0
2896,vests,0
2897,bayed,0
2898,rasps,0
2899,tames,0
2900,delve,0
2901,embed,0
2902,befit,0
2904,ceded,0
2870,knell,0
2869,filet,0
2868,coops,0
2850,elfin,0
2835,stank,0
2836,swoon,0
2837,idler,0
2838,abort,0
2839,blitz,0
2840,ensue,0
2842,bingo,0
2843,roves,0
2844,kilts,0
2845,scald,0
2846,adios,0
2847,cynic,0
2848,dulls,0
2849,memos,0
2851,dales,0
2867,spats,0
2852,peels,0
2853,peals,0
2854,bares,0
2855,sinus,0
2856,crone,0
2857,sable,0
2858,hinds,0
2859,shirk,0
2860,enrol,0
2861,wilts,0
2863,duped,0
2864,cysts,0
2865,mitts,0
2866,safes,0
2905,novas,0
2906,feign,0
2907,spews,0
2959,hives,0
2944,frond,0
2945,ingot,0
2946,evict,0
2947,singe,0
2948,shyer,0
2949,flied,0
2950,slops,0
2951,dolts,0
2952,drool,0
2953,dells,0
2954,whelk,0
2955,hippy,0
2956,feted,0
2958,cocos,0
2960,jibed,0
2942,wowed,0
2961,mazes,0
2962,trios,0
2963,sirup,0
2964,squab,0
2965,laths,0
2966,leers,0
2967,pasta,0
2968,rifts,0
2969,lopes,0
2970,alias,0
2971,whirs,0
2972,diced,0
2973,slags,0
2974,lodes,0
2943,bongs,0
2941,woofs,0
2908,larch,0
2924,brays,0
2909,huffs,0
2910,doles,0
2911,mamas,0
2912,hulks,0
2913,pried,0
2914,brims,0
2915,irked,0
2916,aspic,0
2917,swipe,0
2918,mealy,0
2919,skimp,0
2920,bluer,0
2921,slake,0
2922,dowdy,0
2925,pupas,0
2940,rinks,0
2926,egret,0
2927,flunk,0
2928,phlox,0
2929,gripe,0
2930,peony,0
2931,douse,0
2932,blurs,0
2933,darns,0
2934,slunk,0
2935,lefts,0
2936,chats,0
2937,inane,0
2938,vials,0
2939,stilt,0
2834,lynch,0
2831,pales,0
2677,busts,0
2725,vales,0
2733,strew,0
2731,vying,0
2730,aired,0
2729,bulks,0
2727,hails,0
2726,coped,0
2724,irate,0
2830,horny,0
2723,doled,0
2722,bogey,0
2720,scram,0
2719,buffs,0
2718,fleck,0
2717,joker,0
2734,cocci,0
2735,pacts,0
2737,silos,0
2738,dusts,0
2739,yodel,0
2740,terse,0
2741,jaded,0
2742,baser,0
2743,jibes,0
2744,foils,0
2746,forgo,0
2748,preys,0
2749,treks,0
2750,quell,0
2751,peeks,0
2754,eject,0
2755,boars,0
2716,yelps,0
2715,corks,0
2714,pithy,0
2694,hacks,0
2678,knave,0
2679,razed,0
2681,totes,0
2682,scoot,0
2683,dears,0
2684,crock,0
2685,mutes,0
2686,trims,0
2687,skein,0
2688,doted,0
2689,shuns,0
2690,veers,0
2691,fakes,0
2693,wooed,0
2696,wands,0
2713,sidle,0
2697,lulls,0
2699,snobs,0
2700,nooks,0
2701,pined,0
2702,perky,0
2703,mooed,0
2704,frill,0
2705,dines,0
2706,booze,0
2707,tripe,0
2708,prong,0
2710,odder,0
2711,levee,0
2712,antic,0
2756,trite,0
2757,belch,0
2759,wanes,0
2811,gnome,0
2797,runts,0
2798,serge,0
2799,kinky,0
2800,rills,0
2801,corns,0
2802,brats,0
2803,pries,0
2804,amble,0
2805,fries,0
2806,loons,0
2807,tsars,0
2808,datum,0
2809,musky,0
2810,pigmy,0
2812,ravel,0
2795,homey,0
2813,ovule,0
2814,icily,0
2816,lemur,0
2817,frays,0
2818,silts,0
2820,plods,0
2822,tress,0
2823,earls,0
2824,dudes,0
2825,waive,0
2826,karat,0
2827,jolts,0
2828,peons,0
2829,beers,0
2796,moped,0
2793,vouch,0
2760,lutes,0
2776,voile,0
2761,whims,0
2762,dosed,0
2763,chewy,0
2764,snipe,0
2765,umbra,0
2766,teems,0
2767,dozes,0
2768,kelps,0
2769,upped,0
2770,brawn,0
2771,doped,0
2772,shush,0
2773,rinds,0
2774,slush,0
2777,woken,0
2792,civet,0
2778,fjord,0
2779,sheik,0
2780,jests,0
2781,kayak,0
2782,slews,0
2783,toted,0
2784,saner,0
2785,drape,0
2786,patty,0
2787,raves,0
2788,sulfa,0
2789,grist,0
2790,skied,0
2791,vixen,0
5756,pupal,0
